:10400000007F00203D820000E58000003982000032
:1040100039820000398200003982000039820000B4
:1040200000000000000000000000000039820000D5
:10403000398200000000000039820000398200004F
:104040000000000000000000000000000000000070
:104050000000000000000000000000000000000060
:104060000000000000000000000000000000000050
:104070000000000000000000000000000000000040
:104080000000000000000000000000000000000030
:104090000000000000000000000000000000000020
:1040A0000000000000000000000000000000000010
:1040B0000000000000000000000000000000000000
:1040C00010B5054C237833B9044B13B10448AFF352
:1040D00000800123237010BD1001002000000000AB
:1040E000E0EE000008B5034B1BB103490348AFF3F2
:1040F000008008BD0000000014010020E0EE000078
:104100002DE9F84F28A7D7E900672DED028BDFF8DE
:10411000A0909FED238A83468A4603254FF000082E
:104120005FFA8BF40021204606F0ACFB052006F078
:104130000BFD0121204606F0A5FB0A2006F004FD38
:104140000021204606F09EFB164A01215FFA8AF004
:1041500006F040FC09F014FE42464B4609F07AFE98
:1041600032463B4609F0A0FF0AF056F907EE900AE6
:10417000322038EE278A06F0E7FC013DD0D1F0EE80
:10418000087A88EE270ABDEC028BF3EE097AB4EECA
:10419000670AF1EE10FAC8BFB0EE670ABDE8F88F03
:1041A0000000000040420F009A99999999193D40EA
:1041B0000000E03F0D4BDFED0E6A93ED007AF2EE6A
:1041C0000E7A30EE670A30EE477A83ED000AC7EECA
:1041D000267A9FED087A67EE877A9FED077AE0EE00
:1041E000077AFDEEE77A17EE900A7047C0010020CB
:1041F0008FC2F53CCDCC4C3F9A99193E70B506F074
:10420000EBFC144A144913680968C31A8B4220D383
:10421000124C134D21682B6810601944114821601D
:1042200000F028FC2268052392FBF3F39E00334440
:104230009A4207D10D210C20FFF762FF0A4B33444D
:1042400083ED000A2368013BB22B82BF2B685B42DF
:104250002B6070BDC40100200C000020080000206D
:1042600004000020C80100202C010020174B9FED06
:10427000187A03F190001A461946D2ED006AC6EE8C
:10428000877AE2EC017A8242F7D1B7EE007AD3ED79
:10429000007A77EE677AE3EC017A9342F7D1D1EDB9
:1042A000007A0C4A01230020B2EC017AB4EEE77ADE
:1042B000F1EE10FAC8BF184603F10103C8BFF0EED3
:1042C000477A242BF0D100EB800070472C010020AE
:1042D0000000C8423001002010B50C460146052000
:1042E00005F0C6FF0121072006F0CCFA00210420CA
:1042F00006F0C8FA2146062005F0BAFF0121032086
:1043000006F0C0FA00210220BDE8104006F0BABA5B
:1043100010B50C464100052005F0AAFF002107203A
:1043200006F0B0FA0121042006F0ACFAA100062044
:1043300005F09EFF0021032006F0A4FA01210220CF
:10434000BDE8104006F09EBA08B50021052005F032
:104350008FFF0021072006F095FA0021042006F0C7
:1043600091FA0021062005F083FF0021032006F0CA
:1043700089FA0220002106F085FA4FF49670BDE814
:10438000084006F0E5BBFFFF70B50B212DED028B59
:104390000A20FFF7B5FEF0EE408AFFF70BFF07EEAD
:1043A000900A0E20B8EEE78A06F078FA05460F204C
:1043B00006F074FA0646102006F070FADFED237A54
:1043C00038EE277A77EEC87ABDEEC77AFDEEE77A47
:1043D00017EE101A044617EE900AFFF77DFF0D2125
:1043E0000C20FFF78DFEF1EE047AB4EEE70AF1EE51
:1043F00010FA0AD546210846FFF78AFF4FF4967057
:1044000006F0A6FB124B00221A60F3EE097AF4EED6
:10441000E78AF1EE10FA15DBA6B99DB994B90D49FA
:104420000D4806F035F90D4B1C700D4B01221A702A
:10443000FFF78AFFBDEC028B4FF4FA70BDE87040C5
:1044400006F086BBBDEC028B70BD00BF00008C4245
:10445000C001002040EB0000F80F0020BD0100204B
:10446000BC01002010B509F08BFC0022124B09F0B2
:10447000F1FC09F089FF04460146062005F0F8FE2C
:104480000121032006F0FEF90021022006F0FAF9CE
:104490002146052005F0ECFE0121072006F0F2F987
:1044A0000021042006F0EEF9962006F051FBBDE84D
:1044B0001040FFF749BF00BF0000E83F10B50146BC
:1044C0000446062005F0D4FE0121032006F0DAF9A7
:1044D0000021022006F0D6F9204609F051FC002206
:1044E0000B4B09F0B7FC09F04FFF0146052005F022
:1044F000BFFE0121072006F0C5F90021042006F0C7
:10450000C1F9962006F024FBBDE81040FFF71CBF60
:104510000000D03F10B5044609F032FC0022124BD7
:1045200009F098FC09F030FF0146062005F0A0FED6
:104530000121032006F0A6F90021022006F0A2F9CD
:104540002146052005F094FE0121072006F09AF986
:104550000021042006F096F9962006F0F9FABDE84D
:104560001040FFF7F1BE00BF0000D03F70B50E2035
:1045700006F094F905460F2006F090F90646102043
:1045800006F08CF90B2104460A20FFF7B9FD012D36
:1045900013D1012E11D1012C21D1BDEEC00A10EE94
:1045A000103A142B1DDC1149114806F071F8114B1B
:1045B00000221A70104B1C7070BD3EB9012C00D047
:1045C0007DB96420BDE87040FFF778BF4CB9012E7B
:1045D00000D035B96420BDE87040FFF79BBF002CC8
:1045E000F8D06420BDE87040FFF73CBF24EB00002A
:1045F000F80F002000000020BD0100205A3807EE0F
:10460000900A9FED0D7AF8EEE77A10B567EE877A9B
:10461000FDEEE77A17EE904A002C17EE900A03DDC4
:10462000FFF778FF204610BD02D0FFF747FFF9E7FC
:10463000FFF718FFF6E700BF9A99193E08B5FFF794
:10464000DDFDFFF713FEBDE80840FFF7D7BFFFFF12
:10465000014800F029B900BFC801002008B50121B8
:10466000072006F0F7F80121042006F0F3F80121F5
:10467000032006F0EFF80121022006F0EBF80121FB
:10468000052006F0E7F80121062006F0E3F80021F6
:104690000E2006F0DFF800210F2006F0DBF80021E5
:1046A000102006F0D7F80921144800F0DDF95A214E
:1046B000124800F0DFF901210C2006F0CBF80021B0
:1046C0000D2006F0C7F801210A2006F0C3F80021EA
:1046D0000B2006F0BFF80A4B0A4903F1900243F899
:1046E000041B9342FBD108484FF4165108F025FEF5
:1046F0004FF4FA60BDE8084006F02ABAC80100206D
:104700002C010020398EE33CF80F002010B51E4C20
:104710002378EBB1FFF72AFF1C4808F01FFE0028A2
:1047200031DD1A4808F046FE40B26F2823D07728C2
:104730001BD06C2827D10123154A23700023137046
:10474000144A13704FF47A70BDE8104006F000BAB6
:104750000F4B1B7813B1FFF717FEDDE70D4B1B78EE
:10476000002BD9D0FFF76AFFD6E7094A00230121C1
:1047700023701170E4E7064A002313702370054B81
:1047800001221A70DEE710BD00000020F80F0020A3
:10479000BD010020BC01002010B5074C22781AB1E1
:1047A00001232370002010BD044804F055F90028AF
:1047B000F6D14FF0FF30F6E70C020020CC010020CC
:1047C0002DE9F0412F4E3378FF2B07D02E4A1821C8
:1047D00001FB0323D3E904231B0413602B4C2C4D52
:1047E00022682978DFF8A08000204FF0180C0127FC
:1047F00082B392FAA2F3B3FA83F30CFB03FED9B2AD
:1048000058F80EE0BEF1000F1ED0297000B12260F2
:10481000182707FB0383D3E904211E481160D968D8
:1048200004F091F82A781C49327007FB0287086867
:10483000FB6803440B60012303FA02F2236823EAB6
:1048400002032360BDE8F08107FA03F322EA0302C2
:104850000120CDE708B129702260104B104819687B
:104860000D4B00681A680A44824238BF811A002240
:1048700008481A6004F067F8FF233370094B1B687F
:10488000DFE700BF100000201C02002014020020FF
:1048900011000020CC0100203C0300200802002071
:1048A0001002002004020020FF2303707047FFFF66
:1048B00030B50478FF2C20D01048182202FB0405E4
:1048C0006B688B4203D8AB688B4228BF0B466243B0
:1048D000811883500A4ADFED0B6AD2ED007AF8EEB8
:1048E000677A87EEA67A07EE903AF8EE677A67EE77
:1048F000277AFCEEE77AC1ED037A30BD1C02002076
:104900001002002000409C462DE9F0471F46494B0D
:104910002DED028B16461A680C2A84B005468A468D
:10492000984605D1002004B0BDEC028BBDE8F087AD
:10493000414B1C789946002C3DD104A8214600F833
:10494000014D03F0B1FE431C35D09FED3C8A3C4B3A
:104950009DF80F200093F0EE480AC3B2B0EE480A6B
:1049600021460194374803F045FF2146354804F0BD
:1049700009F822460A21334804F02CF9314804F0A2
:104980002DF8304804F051F82E4803F0AAFF07EE46
:10499000900A9FED2D7A2D4BF8EE677A1860C7EEDE
:1049A000870A2B4B60EE880AFCEEE00AC3ED000A92
:1049B000012389F8003099F80030002BB2D0254B44
:1049C00033F83A40244B00224FF0180C0CFB02F055
:1049D000C15859BBD8F800102A7001310344C8F8F7
:1049E0000010E0B2012101FA00F0C3E9016758614B
:1049F000260A1A48760130441861194B01FA02F26E
:104A0000196828460A4340F2DC511A60FFF750FF4C
:104A10002B78FF2B86D005222146124801F06CFB33
:104A2000FFF7BAFEB0FA80F040097CE701320C2AA9
:104A3000CCD1EDE7180200204003002000004842DE
:104A4000C1470000CC01002000409C46100200201D
:104A50000802002024EC00001C0200200800044092
:104A600004020020B81000204FF416634FF40872BF
:104A7000FFF74ABF13B50378FF2B044617D00D4A42
:104A8000182000FB0323B429A8BFB4219A68009220
:104A900008465B68B422002120EAE07005F0C2FC01
:104AA0000146204602B0BDE81040FFF701BF02B04A
:104AB00010BD00BF1C020020014803F033BD00BF41
:104AC000CC010020014804F069B800BFCC010020EF
:104AD00008B505F053FF002008BD1D207047FFFFFB
:104AE000034AB2F8CC3043F08003A2F8CC307047D0
:104AF0000000094037B50121162005F0ABFE00216A
:104B0000162005F0BFFE68460722032108F04AFF81
:104B1000BDF800301C4CC3F38413012568460722FE
:104B20000521E55408F03EFFBDF80030C3F38413BF
:104B3000684607220621E55408F034FFBDF800302E
:104B4000C3F38413684607220921E55408F02AFFBD
:104B5000BDF80030C3F38413684607220A21E554E8
:104B600008F020FFBDF80030C3F3841307220B21A7
:104B70006846E55408F016FFBDF80030C3F384130F
:104B8000E55403B030BD00BF220400200B7930B4DF
:104B9000DB01114C114DDBB2A3714B788A781B01FC
:104BA000120302F44052DBB213430A788446A85C35
:104BB000CA78120202F4407200F003001343034368
:104BC00063804B79064ADB01DBB22372002030BCE4
:104BD000CCF80020704700BF004204400CED0000FC
:104BE00054445700024B0020FF2218701A7070477F
:104BF0000042044030B5836A85B004468C4601AD5E
:104C0000ABB193E8070085E807006268117883F884
:104C100004C0E26A9A6019601846626A9047A36A03
:104C20001BB195E8070083E8070005B030BD2B46AF
:104C3000EBE700BF10B4EFF30383103B5BB203F16B
:104C4000C001204A204C52F821006FF3104042F876
:104C5000210054F82330D3E906218A421BD0186979
:104C600040B393F820400F2C0BD99968496840F85D
:104C70002210D96901328A429A610CD05DF8044B46
:104C80007047072C19D8996809798154D96901327C
:104C90008A429A61F2D15B680C4993F903305DF85E
:104CA000044B5809012203F01F0302FA03F341F8F1
:104CB0002030704798684068DCE79C68A48820F83A
:104CC0001240D7E7006000409003002000E100E0C0
:104CD000F0B5EFF30383103B5BB203F1C0022F4941
:104CE0002F4C51F822006FF3104041F8220054F885
:104CF00023305868026A002A30D092F801C0DC697B
:104D00005A69BCF1010F17D094420FD0D96841B352
:104D100093F820000F280AD80728986895BF895C67
:104D200031F812100171818001325A61F0BD98682A
:104D300051F822104160F7E704F1FF3E724513D0AD
:104D400001690029E0D090F9031016484D0901F0DF
:104D50001F010CFA01F140F82510D5E75A69DC690A
:104D6000D2E798684160DFE790F903E00EF1C006F2
:104D70004FEA5E10800051F8267000F1604000F5A7
:104D800061400EF01F0E0CFA0EF56FF3104741F85C
:104D90002670C0F880510560B6E700BF0060004093
:104DA0009003002000E100E010B4EFF30383103B18
:104DB0005BB2324A324C03F1C00152F821006FF36A
:104DC000104042F8210054F823008268D2789207FC
:104DD00006D54268527A012A02D05DF8044B70472A
:104DE0005909284C0122203103F01F0302FA03F372
:104DF00044F82130BFF34F8FBFF36F8F436893F9AF
:104E00000230002B2FDB5909203103F01F0302FA77
:104E100003F344F82130BFF34F8FBFF36F8FD0E916
:104E20000114237891F902106FF38613002923707F
:104E300014DB01F1C00C114C4B099B0001F01F0168
:104E40008A4003F1604354F82C1003F561436FF37B
:104E5000104144F82C10C3F880211A605DF8044B0F
:104E60000121FFF7C7BE82685DF8044B13786FF32A
:104E7000861313700121FFF7BDBE00BF0060004024
:104E80009003002000E100E070B5EFF30384103CD4
:104E9000314B64B253F82460736893F90230002BED
:104EA00042DB5A092D492032012003F01F0300FA8A
:104EB00003F341F82230BFF34F8FBFF36F8FD6E972
:104EC000012392F902101A7800296FF386121A70E2
:104ED00015DB01F1C00C224D4A09920001F01F01BF
:104EE00000FA01F102F1604255F82C0002F561422E
:104EF0006FF3104045F82C00C2F880111160DA7889
:104F00000021D5B21207D97021D4EB0712D405F0D5
:104F10001405142D16D0124BC03453F824206FF30F
:104F2000104243F8242070BDB3681A786FF38612DC
:104F30001A70E4E70421304605F01405FFF75AFE25
:104F4000142DE8D108213046FFF754FEE3E7052190
:104F50003046FFF74FFED8E79003002000E100E065
:104F600000600040036A70B50446987800F07B004A
:104F700098700D46217841B32261E269E5601069BD
:104F8000002841D0226982B1A378816800688E68C8
:104F9000E16803F00303013B22FA03F300222261DC
:104FA0009BB2B04780B9236A21789A7842F0800298
:104FB0009A7039BB94F802C00CF0030CBCF1020FDC
:104FC0001AD02A78DA70002070BD94F802C0E06927
:104FD0000CF0030E0069A2EB0E02226105EB0E023B
:104FE000E2600028CED19A780CF0030C42F08002E7
:104FF000BCF1020F9A70E4D12A8842F47E4200206C
:10500000DA8170BD002070BD9A7842F080029A70FB
:1050100070BD00BF036A91F801C09A7800B502F034
:105020007B0E02F00B029A700022C26088785870E2
:1050300010461A786CF301021A70CA789A7493F8C1
:1050400007C00A780CF0A30102F05C020A43DA718F
:1050500083F802E05DF804FB10B5D0E907210023D6
:1050600043608B7092F905202F49044650090123B3
:10507000203002F01F0203FA02F241F82020BFF3B1
:105080004F8FBFF36F8FE26992F90B2050092030E8
:1050900002F01F0203FA02F241F82020BFF34F8F03
:1050A000BFF36F8FE26992F907205009203002F0B8
:1050B0001F0203FA02F241F82020BFF34F8FBFF323
:1050C0006F8FE26992F90920500902F01F029340A4
:1050D00000F1200241F82230BFF34F8FBFF36F8FF2
:1050E000E369DA6822B1936810681B6A9847E3693C
:1050F0001B691BB19A681868136A9847EFF310810F
:10510000012383F31088E369084A1C78D2F8000170
:105110004FF00043E3400343C2F80031D2F80031BE
:1051200081F31088002010BD00E100E0006F044012
:10513000F0B5846A85B005460F4694466E46B4B114
:1051400094E80F0086E80F00EB691B7884F804C030
:105150002360EB6A2046C4E902736B6A9847AC6A25
:105160001CB196E80F0084E80F0005B0F0BD34468E
:10517000EAE700BF8C46516830B4029C0D6880B9E4
:105180001C609CF8010038B9E8784FF0010C0B3432
:105190006CF30510E8701C60936810681B6830BCE5
:1051A000184704F10C001860EBE700BF2DE9F04749
:1051B0000D4609780323CB4013F0010301F100727F
:1051C00018BF1023037002F5605283785201012149
:1051D00061F301030262A9696A6942620022C0E9BF
:1051E0000A21C56183706B7882B0044623B9837845
:1051F000022262F30103837095F90B00594B95F875
:105200000AC04209203200F01F06012101FA06F609
:1052100043F82260BFF34F8FBFF36F8F524A534E54
:1052200000F1C0074FEA0C1C52F827E06FF3104E54
:1052300042F827E01F185FFA8CFC87F800C346F895
:10524000204095F9050095F804C04709203700F083
:105250001F0E01FA0EFE43F827E0BFF34F8FBFF396
:105260006F8F00F1C00703EB000852F827E04FEA08
:105270000C1C5FFA8CFC6FF3104E42F827E088F8A4
:1052800000C346F8204095F9070095F806C0470985
:10529000203700F01F0E01FA0EFE43F827E0BFF39F
:1052A0004F8FBFF36F8F00F1C00703EB000852F878
:1052B00027E04FEA0C1C5FFA8CFC6FF3104E42F8AB
:1052C00027E088F800C346F8204095F9090095F8D2
:1052D00008C04709203700F01F0E01FA0EF143F80D
:1052E0002710BFF34F8FBFF36F8F00F1C0074FEA56
:1052F0000C1152F827C003446FF3104C42F827C03A
:10530000C9B283F80013EA6846F8204072B15368C6
:105310001B684FF4002143F8041B216A05310091FA
:10532000E1692078FFF726FF0646B0B92A69FAB18D
:1053300053681B684FF0006143F8081B216A033172
:105340000091E1692078FFF715FF064680B1EB6810
:105350001BB19A681868136A9847304602B0BDE8D6
:10536000F08700BF00E100E00060004090030020F3
:10537000EFF31080012383F31088984B2E78D3F835
:1053800000214FF00041F14022EA0102C3F8002160
:10539000D3F8003180F31088236AE06900229A7004
:1053A0001A715A729A72DA725A83297840F2072275
:1053B000CA40D20744BF4022DA7406221A77227804
:1053C0007AB1C168013A002900F0FE80012612037B
:1053D00091B2314341F006029A829A8A92B2914286
:1053E000FBD1EA78A978D20042EA01126978032950
:1053F00000F0D780002914BFF221E221ED69D2B27A
:105400001A7099712A7B520002F002025A736A786C
:10541000A97800261E7295F800C0D201490101F05A
:105420002001D2B20A43ACF10201012940F2BD8051
:10543000D2B2DA716A68917859701978567866F341
:1054400001011970D17899741278D97902F05C024F
:1054500001F0A3010A43DA710027C4E90377C4E924
:10546000057790F905105E4E01F1C00E4A0956F815
:105470002E80920067F3104802F1604246F82E80B9
:1054800002F561424FF0010E01F01F010EFA01F129
:10549000C2F88011116090F90B1001F1C0094A099E
:1054A00056F829A0920002F1604202F5614267F3CA
:1054B000104A01F01F0146F829A00EFA01F1C2F8C6
:1054C0008011116090F9071001F1C0094A0956F8DE
:1054D00029A0920002F1604202F5614201F01F0131
:1054E00067F3104A46F829A00EFA01F1C2F88011BC
:1054F000116090F9091001F1C0004A0956F8209096
:10550000920002F1604267F3104946F8209002F5DC
:1055100061420CF0030C01F01F010EFA01F14CF096
:10552000700CC2F88011116083F802C06B8923816E
:105530004FF6FF7843452DD0EFF310818EF310889E
:10554000284A13681BB92848C3704023C3701368E6
:105550000133136081F31088218924480B0A1B0151
:1055600053FA81F150F8213023F0011323F4404322
:1055700043F0040340F82130EFF31081012383F35B
:105580001088136813B11368013B13601368B3B13B
:1055900081F31088164B63600026304602B0BDE8E8
:1055A000F08742F04002F22128E7BCF1020F08BF69
:1055B00042F01002FF21D2B25970DA714CE70A4A68
:1055C0008020D370D070E3E7C169097A11400902E5
:1055D00001F4706141F00106F9E600BF006F04407C
:1055E000006000408C030020000D044000080440CF
:1055F000554943532DE9F04F1E46FF23B3703378CE
:105600006FF382038BB033708023F370554B099294
:10561000554A1B6A12680191C3F302618A40C3F3C1
:105620000233DA40514B07900021100A069208918C
:10563000059002910093A2FB03BA099B009A934242
:105640006EDA9DF8203003930027494B039ADD5D05
:10565000C5F34003C5F3800504932B43934256D111
:10566000444B33F81780079B03FB08F8069BB3FBFA
:10567000F8F2541EFF2C4AD802FB08F91DE0059BE6
:10568000B9FBF3F37F2B03FB00F040D90028B8BF30
:10569000FF300012A0F5C330A0380028009AB8BF30
:1056A0004042824240DC029BF370337843F00403B3
:1056B000A9EB0809337054B3013C4A464FEAE97339
:1056C0005846514608F0F8FE019A002AD7D1A0F5B5
:1056D000C333A03B002B009AB8BF5B429A4216DD51
:1056E0000093234BB470DA5D3378C2F3000161F3A9
:1056F0008613049961F3041365F3C303337073785D
:10570000C2F3C10262F301037370019B029301377C
:105710000D2F9AD1089BF3B1009B099A93421DDC8F
:1057200000200BB0BDE8F08F0293114B049AD95DB5
:1057300033780090C1F3000060F3861362F3041322
:1057400065F3C30333707378B470C1F3C10161F3BF
:1057500001037370A7E7012308936EE703200BB0E2
:10576000BDE8F08F00E001401C040020A08601008D
:1057700014ED000024ED0000F0B5EFF30383103BBF
:105780005BB203F1C001344A344C52F821006FF38C
:10579000104042F8210054F82300C3691B6913B17B
:1057A000036913B1F0BD036983B9D0E90824937884
:1057B00003F07F03002143F004039370C160002CC9
:1057C000F0D0BDE8F0408022FFF7B2BC05785DB3B1
:1057D000066AF18AC1F30421A9421ED28478C26804
:1057E0001F4F04F0030E74460BE092F800C086F8D9
:1057F0000FC001311B1B2244A942C0E903230CD274
:105800005BB1BEF1020FF0D1B2F800C04CEA070C58
:105810001FFA8CFCA6F80EC0EBE732796FF3C712C3
:105820003271002BBED1C0E7827802F00301022959
:10583000C1680BD0046A0D78E57002F003029B1A70
:105840000A44C0E90323002BACD1AEE70C88056AFB
:1058500044F47E44EC81F0E70060004090030020B7
:1058600000FEFFFF10B582B0EFF30383103B5BB285
:1058700003F1C001574A584C52F821006FF3104011
:1058800042F8210054F82340E369DB6813B1A369AF
:10589000002B49D122894FF6FF739A4275D12278A5
:1058A000236AF2B1D98AC80612D01B8AC3F308034F
:1058B0000193A369FBB9636A2BB1042201992046C5
:1058C000FFF736FC22782AB1236AD98AC906E8D1C3
:1058D000BE221A7123894FF6FF72934231D102B072
:1058E00010BDA17801F003010229DED05B7901939C
:1058F000A369002BDFD0A278606902F0030201A93E
:1059000008F0B0FFD4E90521A37803F003031A449B
:10591000C91AC4E9052129B9636A1BB101222046CD
:10592000FFF706FC2278CEE7636A0021C4E905117F
:10593000002BD4D00122204602B0BDE81040FFF772
:10594000F7BB1A0A1201254952FA83F351F82320B2
:1059500022F0011222F4404242F0040241F82320D6
:10596000EFF31082012383F310881D4B196811B1E6
:105970001968013919601B681BB91A498020CB705E
:10598000C87082F3108802B010BDEFF310810123BC
:1059900083F31088124B1A681AB91248C270402259
:1059A000C2701A6801321A6081F3108822890B498B
:1059B000130A1B0153FA82F251F8223023F001132B
:1059C00023F4404343F0050341F82230236A227850
:1059D00067E700BF0060004090030020000804401B
:1059E0008C030020000D044010B5EFF30384103C3D
:1059F0000B4B64B253F82400D0E90821937803F0EC
:105A00007B03937019B102220021FFF791FB054B34
:105A1000C03453F824206FF3104243F8242010BD03
:105A2000900300200060004010B5EFF30384103CA9
:105A3000194B64B253F82400037843B9837803F018
:105A40000303022B03D0036A5979C9B203E0036A46
:105A5000198AC1F3080193F804C01CF0100F0CF070
:105A6000380206D093F81CC01CF0010F08BF42F0AA
:105A7000400293F804C00CF0C70C83F804C0436ADA
:105A80000BB1FFF755FB054BC03453F824206FF3DF
:105A9000104243F8242010BD900300200060004015
:105AA00030B5436A85B004468C4601ADABB193E88E
:105AB000070085E807006268117883F804C0A26ACD
:105AC0009A6019601846226A9047636A1BB195E88C
:105AD000070083E8070005B030BD2B46EBE700BFA9
:105AE00010B4EFF30383103B5BB203F1C001144A1F
:105AF000144C52F821006FF3104042F8210054F882
:105B000023305A69D9698A4206D2D3E90240A8B142
:105B1000805CE07001325A618A4202D05DF8044B29
:105B200070471A69002AF9D19A685DF8044B937896
:105B300003F07B0343F0040393707047E070E9E7E0
:105B4000006000409003002010B4EFF30383103B8B
:105B50005BB203F1C001174A174C52F821006FF3F2
:105B6000104042F8210054F823305A69D9698A421A
:105B700006D2D3E90240D0B1805CE07001325A61B4
:105B80009A698A4207D2986819694079541C9C61C5
:105B90008854D3E90621914206D19A68937803F09C
:105BA0003B0343F0040393705DF8044B7047E070CF
:105BB000E4E700BF006000409003002010B5EFF361
:105BC0000384103C0A4B64B2012153F8240082681C
:105BD000937803F003039370FFF762FFC034054B23
:105BE00053F824206FF3104243F8242010BD00BF67
:105BF000900300200060004010B5EFF30384103CD8
:105C00000C4B64B24FF0840C53F8240083689A78EC
:105C100002F003029A701A7983F804C00421FFF796
:105C20003FFFC034044B53F824206FF3104243F875
:105C3000242010BD900300200060004003685969D3
:105C4000A1B190F82D3070B5044603F0FF0563B99B
:105C50008A68038C96680868A1692A46B047E26999
:105C6000C4E90852012384F8333070BD704700BF87
:105C700070B5866B82B004460B466D463EB396E81F
:105C8000030085E80300E26B3371236832605A69D0
:105C900012B194F82D10A1B19B6913B194F82D2085
:105CA00052B9636B30469847A36B1BB195E803006C
:105CB00083E8030002B070BD9A68186813699847BA
:105CC000EFE7936810681B6998472368E4E72E465E
:105CD000D9E700BFEFF30383103B5BB2044AC03344
:105CE00052F823106FF3104142F82310704700BFA1
:105CF0000060004070B5EFF30383103B5BB2614A74
:105D0000C03352F823106FF3104142F82310EFF321
:105D10000383103B5C4A5BB252F823402269137B39
:105D2000C3F30000DB072CD494F82C3094F82A102D
:105D3000994216D094F82D1009B1022B41D020467B
:105D4000FFF77CFF236994F82820DA7094F82B2061
:105D500094F82C30013A013384F82B2084F82C304D
:105D600070BD94F8333003F0FF053BBB236A93BB4F
:105D700094F82E3063B352210123D17284F830306D
:105D800070BD94F82D308BB194F8313073B9636ADB
:105D9000A1695279CA54D4E9082394F82E10013A23
:105DA0000133C4E9082379B12269E4E70020012125
:105DB0005423206284F82F10D37270BD84F833000E
:105DC00070BD5223D37270BD23695422DA7270BD44
:105DD0005423D37270BD94F82D1041B9616AA06943
:105DE000013B405C0131C4E90831D07070BD94F8CA
:105DF000311000292ED0216884F8315048690028DC
:105E000038D08969002935D0E069022832D98E68F6
:105E1000831E0868B668F42191709BB2A269294676
:105E2000B0472268E3695269916810688E68023B46
:105E30009BB22A462946B047E36922690220023B09
:105E4000C4E90803012184F833100023FF20937272
:105E5000D070CBE7636AA1695279CA54D4E9083299
:105E6000013B0132012BC4E90832226904D0FF2032
:105E7000D070BBE7012BE8D12023FF209372D070B4
:105E8000B4E700BF006000409003002010B582B06E
:105E9000EFF30383103B374A5BB252F823000269E9
:105EA000D37A6FF3C303D37290F82F30ABBB90F863
:105EB0002A1003F0FF0C90F82C3099421BD1036A92
:105EC0005BB990F82D1090F83040002914BF0221E2
:105ED0000321A4B3D372FFF7CBFEEFF30383103B90
:105EE0005BB2254AC03352F823106FF3104142F8D9
:105EF000231002B010BDB3B9012929D090F829C0F0
:105F00000021D17282F803C090F82B200133013AAE
:105F100080F82B2080F82C30DFE7F023D3720121AA
:105F2000FFF7A6FED9E790F82D4004F0FF016CB111
:105F3000022BE5D190F829C04CF0010CE0E7F023EA
:105F4000D372937803F0CF039370C4E78C46D7E7FE
:105F50000190FFF773FE019890F82A30012B05D1CC
:105F600090F828C0026990F82C30C9E7026990F8CF
:105F70002C30C3E79003002000600040F0B583B0F0
:105F8000EFF30384103C154B64B253F82450EF68D0
:105F9000BFB16A682B6992F90D20121B18BF01224C
:105FA0006E46C3B193E8030086E803001A706A697D
:105FB0005A601846B8472B691BB196E8030083E87E
:105FC0000300074BC03453F824206FF3104243F80A
:105FD000242003B0F0BD3346E8E700BF9003002063
:105FE00000600040EFF30383103B5BB20649074AB1
:105FF00051F823100120C033087252F823106FF3B8
:10600000104142F8231070479003002000600040C8
:106010000B0A1B01044853FA81F150F82130C3F3F5
:10602000400300201370704700080440C8B20123E9
:1060300083404AB91A040B0A5B0103F1804303F55C
:10604000802300209A6070479AB2F4E738B504883C
:10605000002C4DD043680021043303EBC40040F210
:1060600002450C4640F2034C40F2044E0FE06245FC
:1060700030D153F8042C02F0B852B2F1807F14BF33
:1060800041F0020144F002040833834211D01A881F
:10609000AA42ECD153F8042C02F0B852B2F1807F3E
:1060A00003F1080314BF41F0010144F001048342ED
:1060B000EDD1C943CDB2012002F076F80D4B93F833
:1060C000BB2414432C4083F8BB440120BDE8384076
:1060D00002F03AB87245D7D153F8042C02F0B85206
:1060E000B2F1807F0CBF44F0040441F00401CBE71F
:1060F000FF25E0E700E0014070B584B002AB012667
:1061000068460C461546ADF80C100292ADF80060DA
:106110000193FFF79BFFEFF3108286F310881D4970
:106120000B681BB91C48C3704023C3700B68013354
:106130000B6082F31088EA034FEA1423E4B219D407
:106140001B01164A234442F82350EFF31082012327
:1061500083F310880B6813B10B68013B0B600B686D
:106160001BB90D498020CB70C87082F310880020C5
:1061700004B070BD04EB0310084A52F820606FF3BE
:10618000104642F8206025F4803642F820601B015A
:10619000D7E700BF8C030020000D04400008044036
:1061A00070B5C36A84B004468C46164601AD9BB1F7
:1061B00093E8070085E8070083F808C0226B1846BB
:1061C000C3E90026A26A9047E36A1BB195E807007D
:1061D00083E8070004B070BD2B46EDE78268012319
:1061E00070B580F820300226B323D37180F8216087
:1061F000537904466FF300035371C2690D46FFF7EC
:10620000CFFFA368DE705A7942F001025A7194F808
:106210002120012A16D094F8212002B170BD052D4D
:10622000FCD194F82320002AF8D194F821201AB93F
:106230005A7A02F0F3025A72BF210122D97184F80E
:10624000232070BD042DECD0082DE4D1E9E700BF78
:1062500030B583B0EFF30383103B5BB2454AC033E4
:1062600052F823106FF3104142F82310EFF3038329
:10627000103B5BB2404A52F8234094F82230B3B945
:10628000A368012284F82220DA7CD2B28DF805209E
:106290009DF8052012F0010F5A7A14BF02F0F702A0
:1062A00002F0F3025A72AC22DA7103B030BD94F8F6
:1062B00020304BB9A3681B7A13F0080F204614BF97
:1062C00008210421FFF78AFF2269A2B9A368D97CBB
:1062D000C9B28DF806109DF80610197941F0100129
:1062E0001971197941F008011971197962F30411D2
:1062F000197103B030BDA369A1689A4209D0E26860
:10630000C97C581CA061D154E3690133E36103B037
:1063100030BD022584F821504B79E2696FF3000308
:106320004B7120460621FFF73BFFA3682169DD7012
:106330005A7942F001025A7191B9DA7CD2B28DF8E1
:1063400007209DF807201A7942F010021A711A7975
:1063500042F008021A711A7961F304121A71A4E763
:10636000A269E168DB7C501CA0618B54E3690133B6
:10637000E3619AE7006000409003002038B5EFF336
:106380000383103B5BB2244AC03352F823106FF3EF
:10639000104142F82310EFF30383103B5BB21F4A16
:1063A00052F8234094F8203093B194F8213003F050
:1063B000FF0263B9A369216999420ED0E269E068DE
:1063C000A168C05C887401330132C4E9063238BD6B
:1063D00005212046FFF702FFE7E723680E4993F9FE
:1063E0000E3003F1C000002B51F8205062F310452D
:1063F00041F8205009DB5A09094803F01F03012125
:10640000603201FA03F340F82230A268D37943F0F6
:106410004003D37138BD00BF0060004090030020EE
:1064200000E100E038B5EFF30383103B204A5BB294
:1064300052F82340A1680B795807C3F3800217D59F
:10644000CA796FF38612C023CA7101E0013B02D002
:10645000CA795206FAD4EFF30383103B5BB2154AB4
:10646000C03352F823106FF3104142F8231038BDA7
:10647000022584F821504B7962F300034B71E269E5
:1064800007212046FFF78CFEA168CD704B7943F0C1
:1064900001034B7194F82130002BD1D1A369E2693B
:1064A000E0680132C05C88740133C4E90632C7E792
:1064B000900300200060004010B582B0EFF303832A
:1064C000103B3E4A5BB252F8230083685A7A910728
:1064D0004DD1D1B211F00C0F3CD0012280F8242014
:1064E00090F82120012A65D0016982699142C26930
:1064F00088BF02F1FF324FF0030188BFC2614FF045
:10650000000EA024DC7180F820E080F822E093F8EF
:1065100005C06EF3000C83F805C090F82440002CF1
:1065200043D1DF241C709F241C7000240223C4610B
:1065300080F82130FFF734FEEFF30383103B5BB2AA
:106540001F4AC03352F823106FF3104142F8231052
:1065500002B010BDCA06EFD5DA7CD2B28DF80720A2
:106560009DF80720DA7902F0EF02DA71E4E7002201
:10657000A02180F82420D97180F8202080F82220E2
:10658000597962F30001597190F8241081B9DF2123
:106590009F2219701A7000210223C26980F82130ED
:1065A000C1610121FFF7FCFDC6E783F809E0BCE704
:1065B0005A72F0E7C2690221A1E700BF90030020F0
:1065C0000060004030B5836B83B004460A466D46D8
:1065D000A3B193E8030085E80300E16B1A71626BD5
:1065E000196018469047A36B1BB195E8030083E838
:1065F0000300002384F82B3003B030BD2B46ECE7BA
:10660000036902682DE9F04F1F241C705F241C7081
:10661000DF241C70546A55682279564EDFF8608179
:1066200042F0E0021A74E27842F0E0025A74A27872
:10663000120102F0700242F008029A702278647827
:10664000012A0CBF0522042242EA4402D2B2DA70C7
:10665000494A95420CBFF72277225A710027B3228C
:106660009F71DA7191F9112091F80DC0B4184FEAB9
:106670000C1C5FFA8CFC84F800C302F1C00548F8DA
:1066800022003E4C4FEA521E54F825904FEA8E0EDF
:1066900067F310490EF1604E44F825900EF5614EF7
:1066A000012502F01F0205FA02F2CEF88021CEF891
:1066B000002091F90F2006EB020E02F1C0098EF8BE
:1066C00000C348F822004FEA521E4FEA8E0E54F8DB
:1066D00029B00EF1604E0EF5614E02F01F0205FA70
:1066E00002F267F3104B44F829B0CEF88021CEF8BF
:1066F000002091F9102006EB020E02F1C0098EF87D
:1067000000C348F822004FEA521E54F829B04FEA5D
:106710008E0E0EF1604E0EF5614E02F01F0267F311
:10672000104B44F829B005FA02F2CEF88021CEF8D9
:10673000002091F90E100E444A0986F800C348F86B
:10674000210001F1C00001F01F018D4054F820101C
:10675000920002F1604267F3104144F8201002F504
:1067600061424FF09F0AC2F88051156083F800A083
:10677000BDE8F08F00E100E040420F000060004003
:106780009003002010B483B0EFF30383103B5BB29F
:10679000484AC03352F823106FF3104142F82310D7
:1067A000EFF30383103B444A5BB252F8233093F873
:1067B0002D20BAB99A69022A1A699EBF117941F04F
:1067C00040011171D969012917D0D27CD2B28DF85C
:1067D000072001219DF8072083F82D1003B05DF8F4
:1067E000044B7047DA69002AF8D0032A0ED0022A37
:1067F0004ED0012A21D019690DE0117941F0100124
:106800001171117941F008011171DEE719690A79F6
:1068100042F040020A711A6A5869C97C8154D3E96E
:1068200007210131013AC3E90721002AD6D11969AC
:106830000B7962F386130B71D0E793F82A1089B3B2
:1068400019681E4C91F90F104809203001F01F0102
:1068500002FA01F144F82010BFF34F8FBFF36F8F9E
:106860001969C87940F08000C871087940F01000BB
:10687000087108794FF0040C6FF3C300087181F8B8
:1068800001C048796FF30000487183F82C20C2E7FB
:1068900019690A7942F010020A710A7942F0080275
:1068A0000A71B8E719694A7A082002F0F7024A72B9
:1068B0004870B0E7006000409003002000E100E075
:1068C000EFF30383103B5BB2354AC03352F8231019
:1068D0006FF3104142F82310EFF30383103B5BB2D8
:1068E000304A52F8232092F82730002B37D192F803
:1068F00029309BBBD36910B4002B42D11069C179F8
:106900006FF3C711C023C17101E0013B02D0C1790F
:10691000C909FAD11368224A93F9103003F1C00172
:10692000002B52F821406FF3104442F8214009DB5C
:106930005A091D4C03F01F030121603201FA03F3D1
:1069400044F82230C3795DF8044B43F04003C3712F
:106950007047022909D192F8300030B9704792F897
:106960002610032992F82810F3D0106992F824C059
:1069700080F812C00131013B82F8281082F82730DC
:106980007047D2E90404116A013B645C84740131EC
:10699000C2E90731002BB2D05DF8044B704700BF4D
:1069A000006000409003002000E100E010B4EFF32D
:1069B0000383103B2B4A5BB252F8233093F8292013
:1069C0001AB193F82720012A47D0DA69D2B11969A0
:1069D000CA796FF38612C023CA7101E0013B02D06D
:1069E000CA795206FAD4EFF30383103B5BB21E4A16
:1069F000C03352F823106FF3104142F823105DF8B2
:106A0000044B704793F82A10F9B11968174C91F9A3
:106A10000F10480920304FF0010C01F01F010CFA53
:106A200001F144F82010BFF34F8FBFF36F8F196946
:106A3000C87940F08000C87104204870487962F33A
:106A40000000487183F82CC0C2E719694B7A08220C
:106A500003F0F7034B724A70BAE793F83020002A2C
:106A6000B3D1B4E7900300200060004000E100E0F3
:106A700038B5EFF30383103B4B4A5BB2E02152F889
:106A8000234023695A7A5972D506D0B202F0030125
:106A90001FD55A78520648D4E269012184F82B1098
:106AA000002A5ED000252168DD712046FFF7A8FD91
:106AB00094F82610A2692369E56184F828102262FF
:106AC00084F82C50B322DA7101212046FFF77AFDB9
:106AD00012E00029E0D101071BD594F82B20002AF1
:106AE00048D194F82910B322002914BF02210321B0
:106AF000DA712046FFF766FDEFF30383103B5BB2CC
:106B00002A4AC03352F823106FF3104142F8231081
:106B100038BD94F82C20002AEED04207ECD594F82A
:106B20002B200121002AE4D1DBE70029B4D15A78D7
:106B30005506C2F38011CED584F82B105A7A2168FD
:106B400002F0F702496A5A72082058700A78012A3E
:106B50000CBF03220222DA705A7942F001025A7104
:106B6000CAE794F82C20002A9CD194F82B20002A04
:106B7000A8D097E7E2696AB1002294F82600A169DB
:106B8000E26184F82800216284F82C20B322DA71B3
:106B90000121AEE794F82C20002AEDD194F82B20A7
:106BA000002AF3D0E8E700BF900300200060004017
:106BB00010B582B0EFF30384103C164B164964B253
:106BC00053F8242050790B5C03F00303032B0FD000
:106BD000C03451F824306FF3104341F824309368E7
:106BE00023B1D268CDE900206846984702B010BDB5
:106BF000936823B1D268CDE9002068469847064BD8
:106C0000C03453F824206FF3104243F8242002B01C
:106C100010BD00BF90030020006000400346D3E990
:106C200002230020936070470346D3E9022300202B
:106C300053607047D0E90123D26930B4D2E901141E
:106C400044F00044D0685C61D2E9045440F0004054
:106C500041F000419861196100205D629C6230BC86
:106C6000704700BF10B443681A788368032A13D8AA
:106C70004C1E9C661AB94908013959659965DA6A4A
:106C8000D20705D4C2685C664FF4AA011964DA60C1
:106C900000205DF8044B70470C469966EFE700BF93
:106CA000002800DA704710B400F16043114C03F57E
:106CB00061430901C9B283F8001344F820200E494A
:106CC00000F1C00200F01F0C400951F82240800082
:106CD00000F1604000F561406FF31044012341F87A
:106CE000224003FA0CF3C0F880315DF8044B0360D6
:106CF000704700BF900300200060004070B58369BA
:106D000084B004468C46164601AD9BB193E807005B
:106D100085E8070083F804C0E2691A609E6018469F
:106D200062699047A3691BB195E8070083E80700F3
:106D300004B070BD2B46EDE730B4D0E901231078E4
:106D40005A6E0C4D0C4C032898BF01328A60D86AE9
:106D50002A6A2368C2F3026C03FA0CF302F00702FA
:106D6000C0F3C350D340C3400122002030BC4B606D
:106D70000A70704700E001401C04002090F800C039
:106D8000486EBCF1030F98BF01300AB1824227D38D
:106D900010B4019C496BE40754BF01F01F01C1F31B
:106DA0000441BCF1030F09D9090981F0010172B94D
:106DB000E9B902225DF8044B5A60704701F00C01FA
:106DC000A1F10401B1FA81F14909002AF0D082420F
:106DD00001D30029EDD103225DF8044B5A607047BE
:106DE000BCF1030F98BF02F1FF321A607047002810
:106DF000DFD0F0E72DE9F04184B0144606460F4697
:106E00004FF0FF3300220094039202933A4602AB04
:106E1000D0E90101FFF7B2FFB368039A1D6B04F0DC
:106E200003085AB914F0080F0CBF02210421A0076F
:106E30001DD503EB81010298C864086561061ED563
:106E4000196CB8F1010F41F48001196406D025F4E2
:106E5000403545EA0245B8F1000F03D025F04075F2
:106E600045EA026500201D6304B0BDE8F08141449D
:106E7000123103EB8101029848606106E0D4B8F159
:106E8000010F12D025F44035022C45EA0245E2D12B
:106E9000002AE3D00120009019463A4602AB706800
:106EA000FFF76CFF039AB368D8E7022CD6D1002A0B
:106EB000D4D0EFE72DE9F0470B7C0D46012101FA14
:106EC00003F2C260920716BF002201740274D5E972
:106ED000052103F5800303F5F0631B0242610022E4
:106EE000EE694560C0E9062184B004468360EFF393
:106EF0001080012383F31088854B297C0229D3F865
:106F0000081134BF6FF020076FF040073940C3F815
:106F10000811D3F8083180F31088A3686F684FF424
:106F200025411960DA62DA639A642A78297A032A99
:106F30004FEAC15107F1FF3C00F0D58084BF41EA20
:106F40000241BC46D6E9068ED9624FF00041196174
:106F50000020596199614FF0FF31586203909862A7
:106F60000291C3F81C80C3F820E0D6F82C80C3F847
:106F700068C0C3F864C0002A40F0A08079080139D5
:106F80000291404601224FF0030C59659965002893
:106F90005DD095F800E0B76A002F71D0B97897F806
:106FA0000390090641EA097197F8049041EA094102
:106FB0009963B968C3F88C10002965D0012148B9DC
:106FC00097F81C9097F81BA04FEA496949EA4A29AB
:106FD00048EA0908C3F8881040B996F8211096F8D5
:106FE0002000490741EA403148EA01084FF4AA016C
:106FF000BEF1010F196402D10021D9641965E1685D
:10700000D960C3F83480C3F830C01A63697C95F93D
:1070100012002246FFF744FE96F8221096F924004B
:107020002246FFF73DFE96F8231096F925002246EA
:10703000FFF736FE2FB1397897F901002246FFF7A6
:107040002FFE344B2360002004B0BDE8F087317878
:10705000F9B995F800E0B17800299CD0F778BEF135
:10706000020F4FEA071141EA87113FD04BD903279E
:107070003943B76A48EA014848F08078002F8DD13B
:107080009F63C3F88870A7E7F968003918BF01212A
:1070900095E795F800E07178BEF1020F4FEA81198B
:1070A0004FEA011724D029D9032148EA010848EA08
:1070B000090848EA070848F48078CCE7012A19D083
:1070C00000901946EA68606802ABFFF757FEDDE9F9
:1070D0000210020442EA006242F0030CA368F06A64
:1070E00042F0010251E741F480312BE70927BFE765
:1070F0000921DAE740464FF0030C46E7002914BFA8
:1071000009210621D1E7002F14BF09270627AFE781
:10711000006F04405450470030B4436893F9122084
:10712000DB69002A11DB51092E4D02F01F0C2031C2
:10713000012404FA0CF445F82140BFF34F8FBFF34C
:107140006F8F2949002441F8224093F92420002A16
:1071500011DB5109234D02F01F0C2031012404FAE8
:107160000CF445F82140BFF34F8FBFF36F8F1E49DA
:10717000002441F8224093F92520002A11DB51090F
:10718000184D02F01F0C2031012404FA0CF445F8CC
:107190002140BFF34F8FBFF36F8F1349002441F895
:1071A00022409B6AA3B193F90130002B10DB03F05E
:1071B0001F045A090121A14020320A4C44F8221030
:1071C000BFF34F8FBFF36F8F074A002142F82310A0
:1071D0008268C1680023036030BC18469160536325
:1071E000704700BF00E100E09003002030B4EFF3EF
:1071F0000383103B5BB2184A184C03F1C00152F8EC
:1072000021006FF3104042F8210054F82300446835
:1072100094F800C0BCF1010F15D1D0E90254AC6064
:107220000024AC64EC642C6552F8215064F31045E2
:1072300042F821505A090A4903F01F0360320CFA40
:1072400003F341F82230436923B1002230BC1146D8
:10725000FFF754BD30BC7047006000409003002031
:1072600000E100E01E4B10B4C3600B7803F0010393
:107270004370EFF3108C012484F31088194BD3F87A
:10728000082122F48012C3F80821D3F808318CF3C6
:107290001088EFF3108C84F310884278D2B9C46858
:1072A000237962F3861323718CF310884A684B7834
:1072B000D278C468D201DB01D2B2DBB26271A371B1
:1072C0000123E3710A780270074B43605DF8044BB9
:1072D00000207047C26813796FF3C7131371E3E797
:1072E00000E00540006F044000434144C368427819
:1072F000002023F812107047EFF31083012282F36D
:1073000010884278C1683AB90A7942F040020A719D
:1073100083F31088002070470A7942F080020A71D6
:1073200083F3108800207047EFF31081012383F36B
:107330001088427842B9C068037962F386130371FA
:1073400081F3108800207047C26813796FF3C71368
:10735000137181F310880020704700BFEFF3108C89
:10736000012383F31088437873B9C268117963F3FA
:1073700086111171117A63F3861111728CF31088E2
:107380000023436018467047C3681A796FF3C71229
:107390001A711A7A6FF3C7121A72EFE7F0B5076A1B
:1073A0008BB0064667B3BE468C46BEE80F006C46FF
:1073B0000FC4BEE80F000FC49EE8030084E803007A
:1073C000BCE80F003D460FC5BCE80F000FC59CE8A8
:1073D00003008EE80300F36938469847336A6BB1BF
:1073E000EE469C46BEE80F00ACE80F00BEE80F007A
:1073F000ACE80F009EE803008CE803000BB0F0BD82
:107400000F46E8E730B58BB0EFF30383103B5BB278
:107410002E4AC03352F823106FF3104142F8231064
:10742000EFF30383103B5BB2294A52F8235000214B
:107430002822684607F021FA6C6894F84D3800203D
:10744000DBB284F84D08ADF80430B4F84218C1F34B
:107450000012C90638D543F02003ADF804300223EA
:1074600094F8532884F8533894F8523803F01F03E3
:10747000D2B2E11884F8532891F8202860F38202F0
:1074800081F820282A681268009269466A6A039384
:1074900028460492FFF782FFB4F84238DB0611D584
:1074A0002B681A69127D6AB193F91530002B09DB3C
:1074B0005A09084803F01F030121403201FA03F37F
:1074C00040F822300BB030BD1346DBE700600040CF
:1074D0009003002000E100E02DE9F0418AB0EFF3D5
:1074E0000383103B5BB23F4AC03352F823106FF363
:1074F000104142F82310EFF30384103C3A4B66B27C
:10750000002253F82600D0E900E595F8533885F8B5
:10751000532895F8527807F01F07DBB207F12002D5
:1075200085F85338130104F0FF0455F803C0CCF379
:1075300080718DF81910E958DEF810301B7B43EA92
:10754000D17303F001038DF81830002B46D1CCF332
:107550008A4305EB021205939188C1F3030301F0FE
:107560000F0108298DF81A3035D908218DF81A1025
:1075700008AA002305EB071808EB030C01339CF85D
:1075800006C202F801CB8B42F6D3DEF80030039737
:107590002F440093442387F82038002307934FF4A7
:1075A0008063ADF804306946436A0493FFF7F6FE42
:1075B000B5F84238DB070BD5002E09DB76090B4AFC
:1075C00004F01F040123403603FA04F442F8264075
:1075D0000AB0BDE8F0810029CAD1D6E72CF060439B
:1075E000B7E700BF006000409003002000E100E02A
:1075F00070B58AB0EFF30383103B5BB2214AC0330E
:1076000052F823106FF3104142F82310EFF3038375
:10761000103B1D4A5BB2012652F823506C6894F867
:10762000532884F8536894F85238D2B203F01F03F9
:1076300084F853280393E2184FF40063ADF8043044
:107640002B681B6800936B6A0493002382F8203830
:10765000694682F820382846FFF7A0FEB4F8423881
:107660009B070CD52B6893F91730002B07DB5A09C1
:10767000064903F01F0340329E4041F822600AB0E1
:1076800070BD00BF006000409003002000E100E0FA
:107690008268117A01F00101137AC3F34003994221
:1076A000FAD143681978012908D1C16893F810C04C
:1076B00004484B1E9BB240F82C101380F123137228
:1076C00000207047440300208268117A01F0010114
:1076D000137AC3F340039942FAD1F02313720020C6
:1076E000704700BFD0E90223013BF1219BB2138018
:1076F00000201172704700BF826892F808C00CF039
:10770000010C137AC3F340039C45FAD14368C1606E
:1077100093F810C003484B1E9BB240F82C10138006
:107720000020704744030020062070478268117AC9
:1077300001F00101137AC3F340039942FAD143687F
:107740004FF0F40C002182F808C0117393F9123045
:1077500013F1210F03D100230360184670478B42B9
:107760001ADB5A0910B401210F4C203203F01F0319
:1077700001FA03F344F82230BFF34F8FBFF36F8F4A
:1077800043680A4A93F912305DF8044B42F823002B
:107790000023036018467047044A42F82300002380
:1077A00003601846704700BF00E100E0900300202E
:1077B000F0B40B7C03F1401303F500631B02C0E936
:1077C0000113EFF31085012383F310880C7C394AF1
:1077D000C4F10304A340D2F8084124EA0303C2F829
:1077E0000831D2F8083185F31088826800231372BB
:1077F000137AC3F3400C9B07FAD4CC6982F80AC011
:10780000E37826780D7A247903F00703002E42D11D
:10781000002D47D114734C68476800269673537245
:10782000631E95729BB2C4603D7C1380224B43F86B
:10783000254091F91230B34222DB4A7C03F16044C7
:1078400004F561441201D2B284F800231B4A1C4C97
:1078500042F8230003F1C0055A0954F8257092003C
:1078600002F1604266F3104744F8257002F5614268
:1078700003F01F03012404FA03F3C2F880311360FC
:10788000D1E9054100230F4A0461C0E905310260D6
:10789000F0BC18467047502E06BF43F050036546B3
:1078A0003343B7E785F0020543EA0513DBB23546FB
:1078B000B0E700BF006F04404403002090030020A5
:1078C000006000405447410010B4826892F808C03C
:1078D0000CF0010C137AC3F340039C45FAD14368C2
:1078E000C468D8698C60007850280BD11B7C26486E
:1078F000013B50F823300BBB00205DF8044B4B607C
:1079000008707047537AC3F302105B060FD41F4A06
:107910001F4B126A1B68C2F30264A340C2F3022227
:10792000D3400028E8D080F00200C340E4E7927A18
:107930004FF4004302F00702D340DDE712F8F70CE2
:10794000C0F302144006A2F5807216D40F48104A04
:10795000006A1268C0F3026C02FA0CF2C0F3022053
:10796000C24014B184F00204E2400020B2FBF3F301
:107970005DF8044B4B6008707047907A4FF40042FA
:1079800000F00700C240F0E74403002000E001409F
:107990001C040020F0B585B0EFF30383103B5BB20D
:1079A00003F1C0011B4A1C4C52F821006FF3104038
:1079B00042F8210054F82340D4E901120978137ADF
:1079C0000129DBB204D1F42103F0F0031172137228
:1079D0002769B7B1656901AECDB195E8070086E8C2
:1079E00007009B0644BF00232B71A3692B60284628
:1079F000B84763691BB196E8070083E80700A268EF
:107A0000137ADBB203F00F03137205B0F0BD3546F5
:107A1000E7E700BF0060004090030020034600201D
:107A20001A689B8A1380704703681B88C3F3C033AE
:107A300000200B70704700BF03681031002033F83E
:107A400011301380704700BF43682DE9F041D1E940
:107A500001250C685E6903681FFA84F8A3F80480A6
:107A60001FFA82F8A3F8148022F0405C1FFA85F810
:107A700024F0405E25F040572243A3F808804FEAE7
:107A80001C4C3F0C4FEA1E4812F0405FA3F80680E2
:107A9000A3F816C05F8159D1CA68002A00F0988007
:107AA00015892F0522D5D2E900C7B2F80A80A3F8BC
:107AB0009050A3F89C80B2F80C80A3F89E801FFA27
:107AC0008CF8A3F89480CCF30B484FEA1C7CA3F805
:107AD000968083F892C01FFA87FCA3F898C0C7F37A
:107AE0000B4C3F0FA3F89AC083F89370AF051FD4D7
:107AF0000A8AA3F89050A3F88020F27892B11A88ED
:107B0000BEFA8EF11FFA82FE2EF01F0E0EF11F0E2E
:107B1000828AAEEB010E1FFA8EFE4EEA0202A3F835
:107B200000E082822B4BC0E903340020BDE8F081E5
:107B3000977C92F813C047EA0C0783F8A670D789A0
:107B4000128AA3F8A870A3F8AA20D1E7224FD7F889
:107B50002080224F3F68C8F3026C07FA0CFCC8F380
:107B600002181F4F2CFA08FCA7FB0C7C4FEA9C1C48
:107B70001C4F41F2883808FB0CFCA7FB0C7C4FEA39
:107B80009C4C0CF1010CBCF1070F38BF4FF0070CF7
:107B900012F080570AD05FFA8CF715F0805F83F8F7
:107BA000DE7040F2011708BF4FF48077920009D5CC
:107BB0005FFA8CFC47F40077AA0083F8DFC048BF67
:107BC00047F00207CA68BFB25F82002A7FF468AF3D
:107BD00015468DE74344415200E001401C0400205B
:107BE000D34D621083DE1B432DE9F8430B880C460E
:107BF0005B0222696669C968026203F1804303F58A
:107C0000B8230022036081614460C26131796279E6
:107C10000546A0788F074FEA0223F17843EA403304
:107C200054BF43F0400343F48863002900F0DF8031
:107C300043F42073022A08BF764A9BB208BF32F889
:107C400021C0AB8218BF4FF0000C2279E178707828
:107C500096F800E0D20342EA410242EA4010EFF314
:107C60001088012181F310886B4F2288D7F8089182
:107C7000C2F1100201FA02F229EA0202C7F8082151
:107C8000D7F8082188F3108847F6FF572A6880B292
:107C90003B401380A2F810C0D08182F80CE0337909
:107CA000980700F1AD8082F88A3094F90630002BF5
:107CB00022DB227A03F1604101F561411201D2B267
:107CC00081F80023554A564942F8235003F1C00079
:107CD0005A0951F82070920002F160426FF3104788
:107CE00041F8207002F5614203F01F03012101FAFF
:107CF00003F3C2F88031136094F90730002B22DBC4
:107D0000627A03F1604101F561411201D2B281F85A
:107D10000023424A424942F8235003F1C0005A0965
:107D200051F82040920002F160426FF3104441F894
:107D3000204002F5614203F01F03012101FA03F321
:107D4000C2F88031136096F90630002B22DB327ABC
:107D500003F1604101F561411201D2B281F80023C3
:107D60002E4A2F4942F8235003F1C0005A0951F816
:107D70002040920002F160426FF3104441F820402D
:107D800002F5614203F01F03012101FA03F3C2F877
:107D90008031136096F90730002B22DB727A1F487E
:107DA00003F1604101F561411201D2B281F8002373
:107DB00040F8235003F1C001194A52F821006FF333
:107DC000104042F821005A09920002F1604202F587
:107DD000614203F01F03012101FA03F3C2F880316D
:107DE0001360104BAB6000202861BDE8F883002AC7
:107DF0007FF420AF43F400439BB2AB82944624E768
:107E000043F0030382F88A30084600F03DF92A68FF
:107E1000337948E740ED0000006F044090030020F4
:107E2000006000404344415270B40021C0E9021197
:107E3000436893F906205C698A4211DB5309364E88
:107E4000203302F01F0C012505FA0CF546F82350EB
:107E5000BFF34F8FBFF36F8F304B43F8221043684F
:107E600093F90730002B11DB5A092B4D03F01F0C3F
:107E70002032012101FA0CF145F82210BFF34F8F97
:107E8000BFF36F8F254A002142F8231094F9063082
:107E9000002B11DB5A09204D03F01F0C2032012169
:107EA00001FA0CF145F82210BFF34F8FBFF36F8F2B
:107EB0001A4A002142F8231094F90730002B10DBF6
:107EC00003F01F045A090121A1402032124C44F84A
:107ED0002210BFF34F8FBFF36F8F104A002142F87B
:107EE0002310036800221A821A80EFF31084012302
:107EF00083F3108840680A490088C0F1100083406D
:107F0000D1F808010343C1F80831D1F8083184F3EE
:107F10001088104670BC704700E100E0900300201C
:107F2000006F0440064B074993F826001A6A51F87F
:107F300020300549C2F30262D3400B60704700BF96
:107F400000E00140F40000201C04002038B5434B41
:107F5000434C444844494AF20355A3F8FE530022D7
:107F6000424DA0F8002121604FF4004193F8260013
:107F7000C4E90151C4E90321196A626154F820205F
:107F80003B4DC1F30261CA40082009212A6083F8F1
:107F9000130483F8A21093F88024002A55D02F4BA5
:107FA000002283F8812483F8802493F8A0208AB1EA
:107FB00093F83620002A3FD0284A92F8A030D806FD
:107FC000C3F30011F9D4254882F8A01090F8A0302E
:107FD000D906FBD4214B002283F8362093F83C20AD
:107FE000D207FBD50121002283F8311083F8262027
:107FF000204A1A6293F8262054F822001C6A194A73
:10800000C4F30264E04028604FF0040C842083F83D
:108010003EC083F83E004FF4254083F8D010A3F80B
:10802000FE03A2F80411B2F804319BB2002BFAD17E
:108030000123A2F8003138BD93F83C20D207BBD40D
:1080400093F83C20D207F7D5B6E7012183F88014D6
:1080500040F2C44000F018F8A1E700BF00E0014082
:10806000F400002000C00140006CDC0200127A0025
:108070001C04002000010110704700BFA0F10100A6
:108080000028FBD1704700BF30B5144D144A00FBE7
:1080900001F14FF47A732868B2FBF0F2A1FB03C43C
:1080A0004FF0FF304FF0000E60457EEB040407D325
:1080B000BCFBF2F0800878B1BDE83040FFF7DEBFCE
:1080C0009200B1FBF2F1A1FB031388427EEB0303A4
:1080D000F2D308460028EFD130BD00BF1C040020B9
:1080E00000CA9A3B0B4B70B5B3F840510A4E0024BE
:1080F000ADB225FA04F3DB07E0B203D556F824301D
:1081000003B198470134102CF3D1024BA3F830513E
:1081100070BD00BF006000404C030020084B10B44D
:10812000084C03F1200C5842C21813F8011FC0324A
:10813000634544F82210F7D15DF8044B704700BF47
:108140005CEE000000600040EFF31081012383F338
:108150001088124B33F8102092B22AB133F8102055
:10816000013A92B223F8102033F810309BB293B941
:108170000B4A10B4B2F8FE330A4C9BB234F810002C
:1081800043F4254323EA0003A2F8FE3381F3108869
:108190005DF8044B704781F310887047100400208D
:1081A00000E001404CED000030B4EFF310810123FA
:1081B00083F310880E4A32F810309BB26BB90D4C25
:1081C0000D4DB4F8FE3335F810C09BB243EA0C03F2
:1081D00043F425439BB2A4F8FE3332F81030013348
:1081E0009BB222F8103081F3108830BC704700BF7A
:1081F0001004002000E001404CED00000B4A08B5DF
:108200000346106840B10333094923F003030344D4
:108210008B4204D8136008BD06481060F3E706F0EF
:108220000BFB0C2303604FF0FF3008BD1804002047
:10823000007B0020C011002000BE704708B500F090
:1082400005F8FCF745FCFEE7704700BF70B5464BEC
:10825000464A47484FF47004C3F888404AF2025136
:1082600098600123A2F8FE1382B082F81F3492F8BE
:10827000B134DB06FBD500204FF425460446A2F8B6
:10828000FE63FFF7E1FFFFF761FE8DF80740012075
:108290009DF80730FFF788FFEFF31081012585F384
:1082A0001088344BD3F8042122F00042C3F8042193
:1082B000D3F8042181F310882F4A1168C1F300011B
:1082C0008DF807101168C1F300018DF807101268CE
:1082D000C2F300028DF80720EFF3108185F31088B8
:1082E000D3F8042142F00042C3F80421D3F804314A
:1082F00081F310882846FFF727FF2846FFF7A4FFE1
:108300001E4B1F499C801F4A1E8099601E49D960E0
:108310004FF48051A2F820111C481D4A9D80121A6A
:10832000214606F0AAFA1B481B4A1C491C4D121A8A
:1083300006F098FA1B4B5B1BA3424FEAA30605DD30
:1083400055F8043B01349847A642F9DCFFF7EAFDF3
:108350000220FFF779FFFFF7E1FE002002B0BDE841
:108360007040FFF789BE00BF00ED00E000E0014073
:1083700000400000006F044000080440000D004071
:10838000007B002000600040007F002010010020E2
:10839000BC11002000000020F4000020ECEE0000E2
:1083A000B0000020DC000020064B074A1B6A126860
:1083B000C3F3026123FA00F08A4000F0070022FABA
:1083C00000F0704700E001401C0400202DE9F04758
:1083D00082462DED028B00200C46FFF7E5FF07EEED
:1083E000900AB8EE678A28EE008A18EE100A05F0A7
:1083F000D9FC064620460F4605F0B2FC04460D4661
:1084000002460B463046394605F096FF50B1BCEEA9
:10841000C88A00238AED0B8A8AF83430BDEC028BBF
:10842000BDE8F08700223A4B3046394605F012FD90
:108430008046894602460B462046294605F09AFFAB
:1084400038B14046494605F0C7FF0223CAF82C0060
:10845000E2E700222F4B3046394605F0FBFC804610
:10846000894602460B462046294605F083FF38B16F
:108470004046494605F0B0FF0423CAF82C00CBE77C
:108480000022254B3046394605F0E4FC80468946FB
:1084900002460B462046294605F06CFF38B140469F
:1084A000494605F099FF0623CAF82C00B4E70022DC
:1084B0001A4B3046394605F0CDFC804689460246C7
:1084C0000B462046294605F055FF38B1404649463F
:1084D00005F082FF0823CAF82C009DE70022104B0C
:1084E0003046394605F0B6FC06460F4602460B46B6
:1084F0002046294605F03EFF38B13046394605F0A2
:108500006BFF0A23CAF82C0086E78AF8000085E78B
:108510000000D03F0000B03F0000903F0000703FDF
:108520000000503F00220270C0E9012280F835208F
:10853000012280F83620DF22827770472DE9F0474C
:1085400004464FF000081F469DF8283080F8008050
:1085500021730375089B0361099B83610B9B036275
:108560000C9BDFF84091C0E90938FF238A46437726
:108570001546002A3ED184F83520502005F082FAB5
:108580004FF6FF73A0F8423000F12008DF2380F897
:10859000205080F8215080F8225080F82350C0E904
:1085A0000955C562C0E90E55C0E90C5580F8443044
:1085B00080F8453080F8405080F84150C0E91255AD
:1085C000C4F8288020222946064606F056F9072FCF
:1085D000A6605AD8314ABAF1020FD35D114642D093
:1085E00099F80000002856D1002B4ED1022327779E
:1085F000D35548E0012A48D184F83520242005F0DD
:1086000041FA837880F8008068F30203837043782E
:10861000C57003F0F80368F306130646437080F84C
:10862000048080F8058080F80680A0621C22414604
:10863000083006F022F9012F666026D8184BBAF1EF
:10864000020FDA5D194602D099F8000028B1012A1C
:108650001BD802232777CB5515E0B2B90222DA5591
:108660002777257011E0012BF3D92777384601F0E1
:108670008FFE3022816A404606F0F4F8384601F059
:1086800087FE036BA36101232370002389F8003068
:108690002078BDE8F087012BDAE700BF2204002034
:1086A000200400202A040020194A70B50023164631
:1086B0009C5C1CB95BB20470184670BD0133082B7A
:1086C000F6D1144B1C7814B15D78DDB90124012278
:1086D00063B20270F0E70722B15C022953B205D001
:1086E000002202700C4A01211170E5E712F1FF32FD
:1086F000F2D2022D01D0012302E0022C04D000238B
:108700000122EEE70029E6D14FF0FF33D4E700BFA6
:1087100022040020200400202A0400202DE9F84F24
:1087200082462DED028B14468B4631B9BDEC028B8F
:108730001146BDE8F84FFFF749BE012939D108209D
:10874000FFF732FE07EE100AB8EE478A28EE008ADD
:1087500018EE100A05F026FB064620460F4605F0E7
:10876000FFFA04460D4602460B463046394605F0F0
:10877000E3FD38B1BCEEC88A00238AED0B8A8AF883
:10878000343016E000221A4B3046394605F062FBC1
:108790008046894602460B462046294605F0EAFDFA
:1087A00058B14046494605F017FE8AF834B0CAF879
:1087B0002C00BDEC028BBDE8F88F00224FF07F53F8
:1087C0003046394605F046FB06460F4602460B4644
:1087D0002046294605F0CEFD38B13046394605F031
:1087E000FBFD0323CAF82C00C9E78AF80000E0E784
:1087F0000000E03FF0B52DED028B1E460123F7EEA1
:10880000007A9E4287B004460F461546B0EE608A55
:10881000037087EE800A3BD8002A39D14FF0FF3130
:10882000FFF7D4FDB5EEC08AF1EE10FA37DBDFEDCD
:108830001D7AB4EEE78AF1EE10FA30D8D4ED0B7A57
:10884000F8EE677A67EE887A17EE900A05F0AAFAD2
:108850000022154B05F028FC05F0BEFD20632378AF
:108860008BB10F9B04930E9B039394F834300293C7
:10887000236B0193E36A00932A4633463946204628
:10888000FFF75CFE2070207807B0BDEC028BF0BDD6
:108890004FF6FF7229462046FFF740FFC2E700234C
:1088A0002370DCE70000C8420000594090F83530E2
:1088B0004BB983688BB1012211B983F8202070472E
:1088C00083F822207047012B07D143682BB1032086
:1088D0005A7819B960F302025A70704760F30612B1
:1088E000FAE71FB590F835303BB901A98068FEF76B
:1088F00023FA039805B05DF804FB012B05D140680D
:1089000001A90830FEF7E0FFF3E70020F2E738B5F1
:1089100085680446B5B1202005F0B4F8A368A864C2
:108920009B6CFF221A70DF225A700022C3E90222D8
:10893000C3E904229A70DA701A711A765A769A7616
:10894000DA761A7738BD10B590F83520034672B93B
:10895000806858B193F836302BB1FEF783F9B0FA3E
:1089600080F0400902E083680120596610BD012AA9
:1089700006D140680028F9D00830FEF7BDFEEEE7CA
:108980000020F3E710B590F836308B421BD090F8FA
:10899000352080F83610C2B98368EBB19B6851B1BD
:1089A000186C012464F315501864186C62F34100CC
:1089B0001864084610BD1A6C61F315521A641A6CDB
:1089C00042F002021A640121F3E7012A04D141684E
:1089D000003118BF0121ECE70021EAE738B590F833
:1089E000353004468BB9806808B9002038BD04F1E1
:1089F0000C01FEF75FFA0546A068FEF71BF90E2D85
:108A000001D0002DF1D10120F0E7012BEDD140681C
:108A10000028EAD004F10C010830FEF7C9FE054633
:108A200060680830FEF75EFEE9E708B590F835307B
:108A30003BB9806820B1FEF7F1F8B0FA80F0400948
:108A400008BD012B06D140680028F9D00830FEF798
:108A50003BFEF2E70020F3E708B590F835303BB96C
:108A6000806820B1FEF7E0F8B0FA80F0400908BD58
:108A7000012B06D140680028F9D00830FEF708FE27
:108A8000F2E70020F3E7FFFF73B51E4601230370F2
:108A90000023CDE900330D461346DFED110A9FEDAB
:108AA000110A0A4602210446FFF7A4FE207015B9F8
:108AB0002046FFF72CFF31462046FFF7F7FE2378CC
:108AC0005BB12046FFF78AFF2378184020702046CC
:108AD000FFF7C2FF237818402070207802B070BDE5
:108AE000000048420000F54308B590F835300163B6
:108AF00053B9806838B1003218BF0122FEF77AF905
:108B0000B0FA80F0400908BD012B09D14068002867
:108B1000F9D0003218BF01220830FEF705FEEFE75A
:108B20000020F0E708B590F835303BB9806820B1F7
:108B3000FEF7F2FAB0FA80F0400908BD012B06D129
:108B400040680028F9D00830FEF7F0FDF2E7002079
:108B5000F3E7FFFF38B50446FFF7E4FF606838B17C
:108B6000237F0C4A00252421D55404F0B3FF65600F
:108B7000A56875B1237F084AA86C0021D15410B1B3
:108B8000202104F0A7FF5021284604F0A3FF002372
:108B9000A36038BD200400202204002010B5044644
:108BA000FFF7D8FF204610BD01F10C0303608B686E
:108BB00003B1203343604B6883607047836823B1FF
:108BC0001868003018BF0120704740680028FBD0AB
:108BD0008068F6E7F0B585B004460F46014601A867
:108BE0001546FFF7E1FF2046FFF7E8FF064610B104
:108BF0002046FFF797FF00F057F82A4601A900F03A
:108C00001FF9054650B167772EB12046FFF7E6FE03
:108C10002046FFF721FF284605B0F0BDDF23A377EC
:108C2000F2E7FFFF0028A8BF00F160404FEA011102
:108C3000AEBF00F5614000F00F00034BC9B2ACBFFE
:108C400080F800131954704714ED00E000F1C002E1
:108C50000A4B53F822106FF3104143F8221000F032
:108C60001F024009800000F1604000F561400123CF
:108C70009340C0F880310360704700BF006000403F
:108C80004309012200F01F0002FA00F02033044AD9
:108C900042F82300BFF34F8FBFF36F8F704700BFC1
:108CA00000E100E07047FFFF38B50A4D2B78BFF3B5
:108CB0005B8F13F001040BD1284604F0F4FE38B1A9
:108CC000054B28461C6004F0FAFE044801F012FE31
:108CD000014838BD2C04002030040020A58C000081
:108CE0002AB9304BC031012243F821207047012AB4
:108CF00003D1C0312B4B0222F6E7022A03D1C03147
:108D0000284B0322F0E7032A03D1C031254B04226C
:108D1000EAE7042A03D1C031224B0522E4E7052A01
:108D200003D1C0311F4B0622DEE7062A03D1C03132
:108D30001C4B0722D8E7072A03D1C031194B082260
:108D4000D2E7082A03D1C031164B0922CCE7092A01
:108D500003D1C031134B0A22C6E70A2A03D1C0311E
:108D6000104B0B22C0E70B2A03D1C0310D4B0C2254
:108D7000BAE70C2A03D1C0310A4B0D22B4E70D2A01
:108D800003D1C031074B0E22AEE70E2A03D1C0310A
:108D9000044B0F22A8E70F2AA8D1C031014B1022A3
:108DA000A2E700BF0060004032B91A4BC0315D221B
:108DB00043F8212001207047012A05D1C031154B0D
:108DC000652043F82100F5E7022A03D1C031114B99
:108DD0006D22EDE7032A03D1C0310E4B7522E7E780
:108DE000042A03D1C0310B4B7D22E1E7052A03D1D0
:108DF000C031084B8522DBE7062A03D1C031054B81
:108E00008D22D5E7072A03D1C031024B9522CFE747
:108E1000002070470060004032B9C031074B1E226D
:108E200043F8212001207047012A05D1C031034BAE
:108E3000212043F82100F5E7002070470060004042
:108E4000F8B50E4601681B4B1F29054617469C685E
:108E50002CD8336893F91220213201D00120F8BDBB
:108E60007268403482B11A7CFFF79EFF0028F5D06B
:108E70003268082353742B689374A7B90E4A44F8D8
:108E8000232001332B60EAE7B2688AB11A7CFFF72E
:108E9000C3FF0028E2D03268082353742B68937410
:108EA0000FB9064AEBE744F82370EAE70020D6E75B
:108EB0001046D4E700ED00E0ED7100009579000068
:108EC0002AB9064BC031362243F821207047012AC7
:108ED000FCD1C031014B3B22F6E700BF00600040EF
:108EE0002AB9064BC031352243F821207047012AA8
:108EF000FCD1C031014B3A22F6E700BF00600040D0
:108F00002AB9064BC031372243F821207047012A85
:108F1000FCD1C031014B3C22F6E700BF00600040AD
:108F20002AB9064BC031382243F821207047012A64
:108F3000FCD1C031014B3D22F6E700BF006000408C
:108F40002AB90C4BC031992243F821207047012ADD
:108F500003D1C031074B9F22F6E7022A03D1C0316B
:108F6000044BA422F0E7092AF0D1C031014BA92219
:108F7000EAE700BF006000402AB90C4BC0319822DC
:108F800043F821207047012A03D1C031074B9E22AC
:108F9000F6E7022A03D1C031044BA322F0E7092AE5
:108FA000F0D1C031014BA822EAE700BF00600040C9
:108FB0002AB90C4BC0319A2243F821207047012A6C
:108FC00003D1C031074BA022F6E7022A03D1C031FA
:108FD000044BA522F0E7092AF0D1C031014BAA22A7
:108FE000EAE700BF006000402AB90C4BC0319B2269
:108FF00043F821207047012A03D1C031074BA12239
:10900000F6E7022A03D1C031044BA622F0E7092A71
:10901000F0D1C031014BAB22EAE700BF0060004055
:109020002AB9064BC031AE2243F821207047012AED
:10903000FCD1C031014BB322F6E700BF0060004015
:109040002AB9064BC031AD2243F821207047012ACE
:10905000FCD1C031014BB222F6E700BF00600040F6
:109060002AB9064BC031B12243F821207047012AAA
:10907000FCD1C031014BB622F6E700BF00600040D2
:109080002AB9064BC031B02243F821207047012A8B
:10909000FCD1C031014BB522F6E700BF00600040B3
:1090A0002DE9F84FB44B9F6803681F2B0446154603
:1090B00003D9002062B6BDE8F88F403772B60129A7
:1090C00040F09080002AF4D09368213340F08880EB
:1090D000036812681A441F2AEBD86A68DFF8B48262
:1090E00047F82320C033332248F8232090F90000AA
:1090F000FFF7C6FD94F90030C0330C2158F8232047
:109100006FF3104248F8232094F90000FFF78AFD1E
:1091100094F90000FFF79AFD2368AB605A1C696858
:109120002260C13347F82210342248F8232094F9F2
:109130000000FFF7A5FD94F90030C0330C2158F86A
:1091400023206FF3104248F8232094F90000FFF722
:1091500069FD94F90000FFF779FD236869685A1CDE
:10916000C133226047F82210312248F8232094F9B5
:109170000000FFF785FD94F90030C0330C2158F84A
:1091800023206FF3104248F8232094F90000FFF7E2
:1091900049FD94F90000FFF759FD236869685A1CDE
:1091A000C133226047F82210322248F8232094F974
:1091B0000000FFF765FD94F90030C0330C2158F82A
:1091C00023206FF3104248F8232094F90000FFF7A2
:1091D00029FD94F90000FFF739FD2368013323606E
:1091E000012067E702290DD1002A3FF462AF93689E
:1091F0002133F5D10068136818441F288CBF002064
:10920000012057E7032911D1002A3FF452AF92F908
:1092100012302133E4D10E2353740168574B9174FB
:1092200047F82130127CFFF7F7FDD6E7042949D132
:10923000002A3FF43EAF92F90730213331D1016863
:109240000B1D202B3FF635AF0C264D4BD17196717F
:1092500047F821301278FFF773FE0168494B01315E
:10926000016069722E7247F821302A78FFF7A0FE5C
:109270000168454B0131016069712E7147F8213059
:109280002A78FFF779FE0168404B01310160AE7228
:10929000E97247F821302A78FFF7A6FE0368013308
:1092A000036095F90700FFF7D1FC95F90900FFF776
:1092B000CDFC95F90500FFF7C9FC95F90B00FFF708
:1092C000C5FC8DE7002940F09480002A3FF4F1AE00
:1092D000137A3BBB126892F90D3021331ED10C2357
:1092E0001373036853732A4A47F82320C033294A6B
:1092F000262142F823102B68686893F90D101B7B18
:1093000001F160421B0102F56142DBB282F80033D9
:10931000214B43F821002368013323602B6893F924
:109320000D00CCE7012B39D1126892F90F302133AF
:109330001ED10C2393730368D373154A47F8232077
:10934000C033144A272142F823102B68686893F928
:109350000F109B7B01F160421B0102F56142DBB201
:1093600082F800330C4B43F821002368013323605B
:109370002B6893F90F00A2E700ED00E0957900005B
:1093800079570000E959000065580000295A00008B
:109390007D5F00000060004090030020022B7FF4FE
:1093A00088AE126892F9113021331ED10C23137448
:1093B00003685374A84A47F82320C033A74A2821DA
:1093C00042F823102B68686893F911101B7C01F197
:1093D00060421B0102F56142DBB282F80033A04B10
:1093E00043F821002368013323602B6893F91100AF
:1093F00065E7052973D1002A3FF45BAE16680C239C
:10940000737396F90F30213348D101680B1D202B5F
:109410003FF64FAEF1733278DFF87882DFF8409292
:10942000FFF74EFD90F9003008EB03024FF0C00A41
:1094300082F800A3016849F8236001312B680160BC
:10944000B1731A78FFF74CFD90F9003008EB030276
:1094500082F800A3016849F8236001312B6801609C
:1094600031741A78FFF74CFD90F9003008EB0302D5
:1094700082F800A3016849F8236001312B6801607C
:1094800071741A78FFF74CFD90F90030984488F811
:1094900000A349F8236003680133036096F90F00C5
:1094A000704B47F8203096F90E306F4A47F823206A
:1094B00096F910306D4A47F8232096F911306C4A1E
:1094C00047F82320FFF7C2FB96F90E00FFF7BEFB1B
:1094D00096F91000FFF7BAFB96F91100EFE606299E
:1094E00056D1002A3FF4E5AD16680C23737396F944
:1094F0000F30213341D10168CB1C202B3FF6D9AD71
:109500005C4BF17347F821303278DFF88881DFF85F
:109510005091FFF715FD90F9003008EB03024FF072
:10952000C00A82F800A3016849F823600131524B58
:109530000160B17347F821302B681A78FFF71CFDE2
:1095400090F9003008EB030282F800A3016849F8A3
:1095500023600131494B0160317447F821302B6899
:109560001A78FFF725FD90F90030984488F800A399
:1095700049F8236003680133036096F90F00FFF791
:1095800065FB96F90E00FFF761FB96F9100096E671
:1095900007294CD1002A3FF48CAD556840F60C43A6
:1095A0002B8295F90D30213320D101680B1D202B22
:1095B0003FF67FAD69732A78FFF782FC01680131BD
:1095C00001602A782973FFF78BFC01680131016083
:1095D0002A78A973FFF794FC0168013101602A78A9
:1095E000E973FFF79DFC03680133036095F90D00F3
:1095F000234B47F8203095F90C30224A47F82320B6
:1096000095F90E30204A47F8232095F90F301F4A6C
:1096100047F82320FFF71AFB95F90C00FFF716FB1C
:1096200095F90E00FFF712FB95F90F0047E60829A0
:1096300032D1002A3FF43DAD92F9023021337FF45C
:10964000CFAD0C2353700168114B917047F8213056
:109650001278FFF745FBC0E5E55F000000600040C1
:1096600090030020C168000085670000AD6900001C
:10967000716A0000F55C0000D55C00008D5E0000A2
:109680007D6300005162000025640000B9640000A1
:10969000B16B000000E100E0092978D1002A3FF415
:1096A00008AD566896F90230213365D101680B1D6B
:1096B000202B3FF6FEAC92F808A0AC4BD2F80090FD
:1096C000B1704FF0060B86F806B0524647F82130CD
:1096D000FFF7A6FCA64D96F90220B379DFF8BC820D
:1096E000A9181B01DBB281F800330168A14B48F8CF
:1096F0002290013101605246717086F805B047F83A
:109700002130FFF79DFC96F901207379A9181B0100
:10971000DBB281F800330168974B48F822900131A1
:1097200001605246317186F808B047F82130FFF7E2
:10973000A7FC96F90420337AA9181B01DBB281F843
:10974000003301688D4B48F8229001310160524688
:10975000F17086F807B047F82130FFF781FC96F9E1
:109760000320F37915441B01DBB285F8003303684D
:1097700048F822900133036096F90200FFF766FA79
:1097800096F90100FFF762FA96F9040097E50A29B5
:109790007CD1002A3FF48DAC566896F90230213313
:1097A00065D101680B1D202B3FF683AC92F808A011
:1097B000734BD2F80090B1704FF0060B86F806B0EC
:1097C000524647F82130FFF7BBFB694D96F902205E
:1097D000B379DFF8C881A9181B01DBB281F8003327
:1097E0000168684B48F8229001310160524671705F
:1097F00086F805B047F82130FFF7BEFB96F9012047
:109800007379A9181B01DBB281F8003301685E4B44
:1098100048F82290013101605246317186F808B053
:1098200047F82130FFF7E0FB96F90420337AA918B6
:109830001B01DBB281F800330168544B48F82290D9
:10984000013101605246F17086F807B047F82130C7
:10985000FFF7AEFB96F90320F37915441B01DBB249
:1098600085F80033036848F822900133036096F9C5
:109870000200FFF7EBF996F90100FFF7E7F996F917
:109880000400FFF7E3F996F9030018E50B297FF4CC
:1098900010AC002A3FF40DACD2E900150C232B7557
:1098A00095F91530213356D10368DA1C202A3FF68A
:1098B00000AC374A6B7547F823202A6822B9C033B9
:1098C000344A4A2042F8230095F915002B7D324E88
:1098D00000F1604202F561421B01DBB282F8003305
:1098E00022682E4B43F82010501C2060A87547F8C2
:1098F0002060286820B9C13226484D2640F82260F1
:1099000095F916602A7D06F1604000F5614012016C
:10991000D2B280F80023226843F82610501C204E53
:109920002060E87547F82060286820B9C1321948DE
:109930004E2640F8226095F917602A7D06F16040B6
:10994000120100F56140D2B280F8002343F82610DE
:1099500023680133236095F91500FFF777F995F92E
:109960001600FFF773F995F91700A8E4D14C000031
:1099700000E100E0354C0000894E0000A94D0000D8
:10998000E15A0000495B0000F95B0000BD5B00008C
:109990000574000000600040D974000090030020AE
:1099A000F175000008B53C220021024804F065FF73
:1099B00008BD00BF3404002070B50024064D2646C3
:1099C00055F8240020B12C2104F084F845F82460D7
:1099D00001340F2CF4D170BD3404002000207047F6
:1099E00001207047036840F213421B6A184790F841
:1099F0003D34002BFBD07047D0F82C322BB1D0F87F
:109A00002832184490F8240070474FF0FF30704718
:109A100013B5044690F8A8048DF80710002378B118
:109A200084F83C34012284F83D340DF1070104F53B
:109A30008860FBF797FA94F83C34002BFBD00120A8
:109A400002B010BD0023C0F82432C0F82832C0F89C
:109A50002C32C0F83034C0F83434C0F8383400F553
:109A60008860FBF7F9BA036813B962B6BFF36F8F6A
:109A7000704713B5EFF3108300930123019372B67F
:109A8000019B5A1E01923BB1D0F82C426846FFF769
:109A9000EAFF204602B010BD6846FFF7E4FF4FF032
:109AA000FF34F6E70268224B53F8223013B54BB16E
:109AB0000279042A0CD0802A06D0022A02D101227F
:109AC00083F83D2402B010BD012283F83C24F9E75D
:109AD000D3F82C22B2F5007FF4D0007AEFF3108295
:109AE00000920122019272B6019A013A511C1AD0D9
:109AF000D3F82C12B1F5007F02F1FF3411D0D3F866
:109B00002412194481F82400D3F824120131C1F33E
:109B10000801C3F82412D3F82C120131C3F82C1217
:109B2000E3E72246E2E768460192FFF79CFFC9E7B8
:109B30007004002013B5EFF3108300930123019309
:109B400072B6019B5A1E0192E3B1D0F82C32B3B128
:109B5000D0F82832034493F82440D0F82832013357
:109B6000C3F30803C0F82832D0F82C32013BC0F808
:109B70002C326846FFF777FF204602B010BD4FF049
:109B8000FF34F6E76846FFF76EFF4FF0FF34F3E768
:109B900038B5044600254FF47A70C4E90150A3613A
:109BA0001848049BE361C4E90412206029464FF47D
:109BB000007204F1240004F060FEC4F824524FF453
:109BC0000072C4F828522946C4F82C5204F50C70CF
:109BD00004F053FE0123C4F83054C4F83454C4F8DC
:109BE000385484F83C3484F83D34DF2384F8A85496
:109BF00084F8773484F8793484F8753484F87B34C5
:109C0000204638BD5CED000010B50C46FFF74CF85F
:109C100022460421BDE81040FFF742BAF0B50369BF
:109C2000002B85B0044602DA002005B0F0BD426981
:109C3000002AF9DB8B42F7DA8A42F5DAD9B2002240
:109C4000684602AE03F0AEFE0122217D304603F0ED
:109C5000A9FE00223DF812500021AB11002D45D085
:109C600036F81200002841D036F8110083EA901728
:109C7000FF063BD103F01F0323620028D4D0092B39
:109C8000D2DC15F4F04F23691C4E0CBF4FF08062FC
:109C90004FF0A06236F8331010F4F04F42F48032E7
:109CA00017480CBF4FF080654FF0A065FCF724FA11
:109CB0006369134836F8331045F480352A46FCF7BB
:109CC0001BFAA3695A1C0FD0E26901320CD036F896
:109CD00033100B482A46FCF70FFAE369084836F8B8
:109CE00033102A46FCF708FA01209EE701310329C8
:109CF000B4D10132032AADD196E700BF24EC0000B5
:109D0000B81000202DE9F04104460E461546FAF73A
:109D1000E4FE01462046FFF781FF84F8A8040028EE
:109D200000F0BD8094F891145E4B226A6FF301013C
:109D300084F89114192143F82240A4F8921494F85D
:109D40009034012184F895140F2103F0E70384F87F
:109D50009C144FF6FF7143F04003A4F89E14A169D0
:109D60006FF3820384F8903404F592670023013185
:109D700084F8943484F89634C4F8987484F8A03441
:109D800005D0E16901311CBF082184F8A01484F8D2
:109D9000702404F29442C4F88C2440F213424FF62B
:109DA000FF71954284F8A23484F8A334A4F8A41473
:109DB000C4F88834C4F88034C4F87C343ED02DD83C
:109DC00040F21142954248D040F2124295424AD0A8
:109DD000354BC4F8843404F58E6841462046FFF7BD
:109DE00013FF94F8A834184084F8A80401213B46D6
:109DF00040F6B8323046FBF7FDFB94F8931429B9CE
:109E00003B4640F6B8323046FBF7F4FB04F5886574
:109E100041462846FBF7CAF978B3FEE740F23242E2
:109E2000954225D040F2334295420FD040F2314363
:109E30009D42CDD1022384F871340AE0022284F8D5
:109E4000712484F8723484F87334C1E7022284F8F0
:109E5000712484F872340123F5E7022284F8712416
:109E600084F87224EFE7022284F871240322F7E7D2
:109E7000022384F871340323EBE739462846FBF7C5
:109E8000C9F800B1FEE7C4F82402C4F82802C4F8F7
:109E90002C02C4F83004C4F83404C4F83804BDE813
:109EA000F08100BF70040020A59A000007B54FF0B4
:109EB000FF330093002201210248FFF769FE03B03F
:109EC0005DF804FB980400200148FEF72BBB00BF9F
:109ED000440900200148FEF761BE00BF440900208C
:109EE000F8B5094F054600240126AA6C06FA04F3CA
:109EF000134205D007EB440261B22846FDF79CFDF2
:109F000001341D2CF1D1F8BD88090020837870B58B
:109F1000044683B90E4D2A68AAB103883BB90D489F
:109F2000FFF7DEFF2B682078BDE870401847012B53
:109F3000F8D10948F4E7012B05D00A2B04D1074BCF
:109F40001B68002BEFD170BD0B2BFCD1044BF7E746
:109F50007C090020C4090020200A0020800900207C
:109F600084090020F0B5044685B0002843D00023C2
:109F700080F83230C1F38415836C012707FA05F2AB
:109F80001343836400F13001FDF72EFE04AE04F1AB
:109F900048012046FDF758FD2046FDF73FFD06F835
:109FA000047D9DF80C30012B04D131462046FDF78D
:109FB0003BFDF6E70DF10E0229462046FDF73CFD7C
:109FC0000E4BBDF80E0093F83330052B9CBF0C4AA6
:109FD000D2560C4B1B684FF0010101FA03F388BF06
:109FE00000220093002301FA02F2194600F01AFA47
:109FF00080B205B0F0BD4FF0FF30FAE7C409002091
:10A0000088ED00001800002013B50A220C46C1B2EA
:10A01000684603F0C7FCBDF800205AB1064B07495B
:10A0200002F4F040B0F5006F0CBF184608462280DD
:10A0300002B010BD1046FAE7200A0020C409002033
:10A04000F0B5012680F82560C0E90F23022600F153
:10A050002403002540F60C4780F826600186DF26A1
:10A06000032143644FF4C05380F8245080F82750F4
:10A0700080F8285080F8295080F82A6080F82B60FA
:10A08000878580F8325080F8331080F8345080F89B
:10A09000355080F8366080F837600787C0E9125580
:10A0A000C0E91455A0F85850A0F85A30F0BD10B5CA
:10A0B0000446406D10B1142103F00CFD204610BD84
:10A0C00037B50D28044602A998BF0E34002321F8A5
:10A0D000023D2046FFF798FF074B05464FF400412D
:10A0E00033F8340000F04EFCBDF806102846FFF7A8
:10A0F00039FF03B030BD00BF24EC0000042838B5A0
:10A1000098BF104B104C98BF1D5CA36888BF0025FA
:10A1100013B12046FDF788FE0C4984F828500C4CFA
:10A12000A1F13000FDF760FDA36813B12046FDF7F3
:10A130007BFE084984F82850A1F13000BDE8384082
:10A14000FDF752BD8EED0000C4090020F409002087
:10A15000200A0020500A00202DE9F04D3C4B93F8D6
:10A160002830192B2DED028B6BD057D8012B62D0E4
:10A17000022B63D0374CD4ED007AF5EE407AF1EE45
:10A1800010FA48D10020FFF7B9FF052000F0DCFCF1
:10A190000FF2B40BDBE900AB9FED2F8ADFF8C08034
:10A1A0000A251420FFF78CFF07EE900AF8EEE77AF5
:10A1B00067EE887A17EE900A03F0F4FD52465B468C
:10A1C00003F048FED8F800300646012098400F46BC
:10A1D00003F0D6FD02460B463046394603F064FFD5
:10A1E000064620680F4603F0DDFD02460B4630466A
:10A1F000394603F079FC04F00FF9013D07EE900AAF
:10A200002060CED1F2EE046A87EEA67A052084EDB6
:10A21000007AFFF773FF94ED000A08E01D2B04D0CD
:10A220001F2BA7D1B0EE040A01E0B0EE000ABDEC8E
:10A23000028BBDE8F08D9FED090AF8E79FED060A55
:10A24000F5E7B7EE080AF2E7295C8FC2F5A82040CF
:10A25000C40900207C0A00203D0AB73F0000C07FEF
:10A2600018000020014B1868704700BF1400002040
:10A27000F0B585B00E280646019115D10D22014694
:10A2800002A803F08FFBBDF8083003F4F042B2F5EA
:10A29000006F6FD013F4F86F6CD10199364805B098
:10A2A000BDE8F04000F08CBA344D2A6800239A4291
:10A2B00007D0E91809798E4217D1063355F82340A3
:10A2C0000CBB402003F0DEFB3146044600F0A8FB47
:10A2D0002B68132B0BD9204600F0ACFB4021204605
:10A2E00005B0BDE8F04003F0F5BB0133DFE7EA1845
:10A2F000204616719A1D013345F822402B6000F06C
:10A30000DBFB0028E7D01E4B33F836301A1212015F
:10A3100052FA83F31B4A52F82330DB0305D420465C
:10A3200000F002FC204600F0C7FBDDED017AF8EEFC
:10A33000E77A17EE900A03F035FD0022124B03F086
:10A3400089FD124B1B6806460120984001380F46D4
:10A3500003F016FD02460B463046394603F0A4FED4
:10A3600004F05AF800EE100A204605B0BDE8F040AF
:10A3700000F0BABB05B0F0BD180B0020800A002029
:10A3800024EC0000000804400000594014000020A4
:10A3900030B5094B53F8144B00218C4207D053F8C9
:10A3A000042F92F82450A84202D00131F5E7002290
:10A3B00002F1080030BD00BF800A002038B50E4C05
:10A3C0000E4D0F48002322461946FFF739FE0023A1
:10A3D00001210C48FFF734FE28460024214640F8AE
:10A3E000044B142204F049FA5022214605F11800CA
:10A3F00004F043FA38BD00BF0D9F0000800A002022
:10A40000C4090020200A002008B50448FFF74FFEC9
:10A410000348BDE80840FFF74ABE00BF200A0020FD
:10A42000C409002010B5029C401AE41A6043521A75
:10A4300090FBF2F0184410BD2DE9F04F027D012A87
:10A4400085B005460F4640F0978000214FF0FF3B56
:10A4500004460B465E4694F804C048B2BCF1000FB7
:10A460007CD194F805C0BCF1000F77D1B6F1FF3F65
:10A470001BBF01335BB201233046934201DD1A4614
:10A4800083460131082904F1020465D1002402EB5E
:10A490000B03A1460293CB4502DC029B4B4560DCDB
:10A4A0006E7995F804A04FEA26180AF00F035FFAB8
:10A4B00088F25FEA2A1A019206F00F0677D05FFA57
:10A4C0008AF1BAF1090FCABF5731303149B2384663
:10A4D000039300F0D3F8039B0444092B8ABF03F1D4
:10A4E000570103F1300149B23846039300F0C6F832
:10A4F0000444BAF1000F04D1039B13B9B8F1000F63
:10A500000DD0019BB8F1090FD4BF03F1300803F15E
:10A5100057084FFA88F1384600F0B0F80444092E85
:10A520008ABF573606F1300171B2384600F0A6F8FE
:10A53000B9F1070F044404D03A21384600F09EF8E0
:10A54000044409F10109B9F1080F05F10205A2D18E
:10A55000204605B0BDE8F08F06467CE74FF0FF309F
:10A560008FE7CB45EDD1BBF1000FE5D13A2138465D
:10A5700000F084F80444DFE700F1100600F113094D
:10A58000002416F8011B0A22384600F0B6F82E21E6
:10A590008046384600F072F8B14540440444F0D19A
:10A5A0000A22E97C384600F0A8F80444D0E7002BE2
:10A5B00093D1A3E710B5054B036004460175102243
:10A5C0000021043004F059F9204610BD9CED000034
:10A5D000F8B50F461D460021084B03600446164699
:10A5E00001751022043004F048F99DF818302774E2
:10A5F0006674A574E3742046F8BD00BF9CED0000AE
:10A6000007B501210648FFF7D5FF002300931A463E
:10A6100019460448FFF7DCFF03B05DF804FB00BFF8
:10A62000E80A0020000B00202DE9F04106460D4607
:10A6300001EB02080C464445A4EB050707D033683C
:10A6400014F8011B1B68304698470028F3D13846A0
:10A65000BDE8F08170B50368044608460D465E68A3
:10A6600004F010FA2946024633462046BDE8704001
:10A67000184709B1FFF7EEBF084670470368C9B233
:10A680001B6818470149FFF7E5BF00BFA0ED0000B8
:10A6900038B50546FFF7EDFF04462846FFF7F2FF01
:10A6A000204438BD70B58AB00E460AA9002301F8CF
:10A6B000043D012A98BF0A22B6FBF2F502FB15649D
:10A6C000E3B264B2092CD4BF303337335BB22E46C9
:10A6D00001F8013D002DEFD1FFF7CBFF0AB070BDAF
:10A6E00010B42AB903685DF8044B1B68C9B2184757
:10A6F000D2B25DF8044BFFF7D5BFFFF7F1BFFFFF04
:10A700000F4B10494AF20252A3F8FE230E4A116081
:10A710004FF42542A3F8FE2303F5E4231A886FF3D0
:10A7200004121A80BFF34F8F0849094BCA6802F41C
:10A73000E0621343CB60BFF34F8F00BFFDE700BF64
:10A7400000E001403581730700E5014000ED00E0C5
:10A750000400FA0573B50025044680F830500D2238
:10A7600068460E4603F01EF9BDF800306363C3F37C
:10A77000841203F4F043B3F5006F84F83860257455
:10A78000E5746574A574657522750CD004F1100329
:10A79000A361064BE361064B2362064B6362064BE3
:10A7A000A362064BE362204602B070BD65720000F2
:10A7B0005D730000ED720000F97200002973000063
:10A7C00073B50D460446FFF74DFD012606FA00F06D
:10A7D000A84203DAFFF746FD06FA00F594F83000C8
:10A7E00050B9012384F8303094F83810144B154ACE
:10A7F00033F83110FBF780FC636B03F4F043B3F5DF
:10A80000006F1BD0FFF72EFD4FF480530093012201
:10A810000023824019462846FFF704FEE3690546F7
:10A8200004F1140120469847636AA9B2204698476C
:10A83000A36A204602B0BDE87040184702B070BD60
:10A8400024EC00000080010A0E210148FFF782BFBE
:10A85000180B0020042911D8DFE801F0030C0A03CB
:10A860000E000022064B33F830100020FBF744BCEA
:10A870001022F7E70422F5E78422F3E7704700BFD0
:10A8800024EC0000044B0A1C18BF012233F83010DE
:10A890000020FBF7CBBB00BF24EC000007B5084B42
:10A8A0000DF1070233F830100020FBF7B1FB9DF8E3
:10A8B0000700003018BF012003B05DF804FB00BFA3
:10A8C00024EC0000EFF31080012383F31088064B83
:10A8D000196819B9054AD1704021D1701A6801323E
:10A8E0001A6080F3108870478C030020000D04402C
:10A8F0007047704700207047194A002310B59380B5
:10A9000072B61849184A19480A601958D1500433C8
:10A91000402BFAD1164C002302F140011859C850BF
:10A920000433802BFAD1134B9A60BFF34F8F62B67A
:10A93000FFF7C8FFFAF7DEF8FFF70EFC02F0ECFFB6
:10A940004FF4E1310C4802F0F8FC00F00FF9FFF78A
:10A95000D0FFF9F783FEFFF7CBFFF9F7D7FEFCE74F
:10A96000000D0040540B0020007F0020004000003C
:10A970004040000000ED00E0F80F002008B5FFF7B0
:10A98000BBFFFFFF0A4601460148FBF7B5BB00BF0E
:10A99000B810002030B401E0013B12D004680C4034
:10A9A0009442F9D001E0013B0FD004680C4094427E
:10A9B000F9D1002502680A40944203D10135AB4227
:10A9C000F8D10025284630BC70471D46284630BCCB
:10A9D000704700BFF8B5104B33F830500F48EBB25A
:10A9E0002E1201259D400029ADB24FF030074FEAED
:10A9F000461607FB02F34FF0120414BF2A4600224A
:10AA0000B3FBF4F329463044FFF7C4FF18B16043A9
:10AA10002830B0FBF7F0F8BD24EC0000060004403D
:10AA200010B500230446016003710830FDF77AFD7C
:10AA3000204610BD10B504460830FEF7AFF820469A
:10AA400010BDFFFF0368002B13B5044602DA002097
:10AA500002B010BD8B42FADAD9B20722684602F082
:10AA6000A1FFBDF80030002BF1D003F03E01C3F38D
:10AA70008412A1F11800E2714242424113F4F04FF6
:10AA800014BF012300236271A371074A074B20689A
:10AA9000182918BF1A46064B33F830100548FBF743
:10AAA0002BFB0120D4E700BF0000010100000103DF
:10AAB00024EC0000B810002010B50446FAF70DF899
:10AAC00001462046FFF7BEFF40B16179E279A379E4
:10AAD00004F1080001B10121FDF7D6FF207110BD7E
:10AAE00082790830FEF700B810B504462DED028BD0
:10AAF0000830B0EE408AFDF7F4FE07EE900AF8EE5B
:10AB0000677A9FED087A27EE880ABDEC028BC0EECB
:10AB1000077A2046BDE81040FDEEE77A17EE901A5E
:10AB2000FFF7DEBF0000C84210B504460830FEF74C
:10AB300011F80023237110BD024A1368013313601A
:10AB4000704700BF900B00200121FDF79DBA7047B0
:10AB500038B5054C2568054423689D4202D9FFF7A6
:10AB6000F6FFF9E738BD00BF900B002030B5164B5B
:10AB7000164C196A164B87B0012203930323CDE9C3
:10AB800001230025134B04951B68C1F30260834029
:10AB9000C1F30221CB4020464FF4FA51B3FBF1F34D
:10ABA000294600932B46FDF7C9FC2A46082120467A
:10ABB000FEF710F82046FDF711FF204607B0BDE86C
:10ABC0003040FDF749BF00BF00E00140580B0020B6
:10ABD00039AB00001C040020014B1868704700BF0F
:10ABE000900B00200148FDF79DBC00BF580B0020D2
:10ABF0000148FDF7D3BF00BF580B002070B500F12E
:10AC000010050446284600F01DFE3F2815D9E178BE
:10AC1000002001F0A3F880B1284600F013FE3F2881
:10AC2000E17807D904F50A7240230020BDE870409E
:10AC300001F0B0B8002001F09FF8002070BDFFFFC8
:10AC400010B5044600F04EFF08B9002010BD00F01A
:10AC500051FF0028F9D1044B4FF42A7202FB04344F
:10AC6000207900F00100F1E7940B002008B5044AB8
:10AC70004FF42A7303FB0020103000F0BBFD08BD29
:10AC8000940B002070B54FF42A730A4C58434FF6CA
:10AC9000FE764FF6FF732518B24288BF1A46103071
:10ACA00092B2204400F0EFFD04462846FFF7A6FFCD
:10ACB000204670BD940B0020034A4FF42A7303FB17
:10ACC0000020103000F0F2BD940B00202DE9F0417F
:10ACD000054600F007FF10B90020BDE8F08100F044
:10ACE00009FF07460028F7D14FF42A746C43174D2B
:10ACF00004F11C062E44304600F07CFD0028EBD009
:10AD000005EB0408384698F8021001F027F80028EF
:10AD1000E2D004F51A74254429464022304600F05A
:10AD2000B2FD98F80210044658B103462A46384648
:10AD300001F030F838B9064B1B68DB07CCD500BEF4
:10AD4000CBE701F019F82046C7E700BF940B0020BD
:10AD5000F0ED00E00E4B70B54FF42A7404FB0034A4
:10AD600005464FF6FF734FF6FE70824288BF1A46C3
:10AD70001C3492B2204600F0C0FD0646204600F08A
:10AD800039FD3F2802D92846FFF7A0FF304670BDA5
:10AD9000940B002008B5044A4FF42A7303FB0020EB
:10ADA0001C3000F04FFD08BD940B002013B5134C70
:10ADB0004FF42A720021204603F05FFDFF236371E8
:10ADC0004FF4E133A36008220023A381A273009310
:10ADD00004F1280101234FF4807204F1100000F007
:10ADE000F2FC012300934FF4807204F5947104F196
:10ADF0001C0000F0E8FC02B010BD00BF940B002066
:10AE000010B50A4C00210522204603F036FD04F15E
:10AE100010001C3400F077FD204600F074FD204641
:10AE20000121BDE8104000F073BD00BF940B00206D
:10AE3000F7B54B79022B074603D00024204603B018
:10AE4000F0BD8B79022BF8D11F4EB3787BBB8B788A
:10AE500033700D7809240D4403E02B781C44A4B210
:10AE60001D446B78242B1BD19442F6D96B78042BAC
:10AE700012D16B790A2B0FD1144B2E780193013329
:10AE8000009302231A46A919384600F033FF70B127
:10AE90000E3416FA84F4A4B20B48FFF7AFFECDE7E8
:10AEA000052BE3D12946384600F000FF28B9084BAE
:10AEB0001B68DB07C1D500BEBFE7AB7873702B788A
:10AEC0001C44A4B21D44D1E7940B0020960B002033
:10AED000F0ED00E038B50B461146127802F0600242
:10AEE000202A47D1244A8C881578A54242D14C7833
:10AEF000203C032C3ED8DFE804F002141731012B6C
:10AF000005D107231D4A01F0DBFA012038BD032BD0
:10AF1000FBD11B4B002BF8D01849002002F000FB9E
:10AF2000F3E7012BF1D1ECE7012B02D101F0B0FAEC
:10AF3000EBE7032BE9D14C881471E14301F00101E7
:10AF4000104800F0E5FC104B002BDED0C4F34002AB
:10AF500004F00101002002F0CFFAD6E7012BE5D082
:10AF6000032BD2D1094B002BCFD049880020AFF35F
:10AF70000080CAE70020C9E7940B00209C0B00204A
:10AF800021D50000B00B0020F9D400000000000023
:10AF90002DE9F0471C46374BDA788A4280460F4647
:10AFA0001D4607D09B788B4259D1AB78BB4234D039
:10AFB00001245BE003F50A7103F11000A2B200F076
:10AFC0009CFC2D4B2BB92D4BFBB92A48FFF716FEE5
:10AFD000EBE795F905300133F5D005F2272606EBAE
:10AFE0000409A6F2172A4E45EDD095F9052016F86A
:10AFF000013F9A42F7D1504600F00CFC0028F2D1F4
:10B0000095F90510AFF30080EDE71D4800F002FC54
:10B010000028DAD1AFF30080D7E71A4B13B1002034
:10B02000AFF300800020FFF751FE0028C0D1164882
:10B0300000F0E0FB0028BBD1002CB9D014F03F0693
:10B04000B6D1A978404600F089FE04460028AFD06A
:10B0500033463246A978404600F09CFE06E00B4B92
:10B060001C6814F0010401D000BE00242046BDE895
:10B07000F08700BF940B00200000000000000000DB
:10B08000A40B002000000000B00B0020F0ED00E059
:10B09000704770478B79012B0AD1CB79012B07D1EF
:10B0A0000B78CA185278212A04D1C85C093070473D
:10B0B0000020704709207047012973B506461446E1
:10B0C0002AD1137803F01F05012D11D113F060036D
:10B0D00008D152780B2A0BD1214601F0D9F9284624
:10B0E00002B070BD202B03D153781BB1032B07D0C6
:10B0F0000025F4E7114601F0CBF902F0C7F9EEE7BD
:10B1000006220021684603F0B8FB06236A46214662
:10B11000304601F0D5F9E2E70125E0E78C22002175
:10B12000014803F0AABB00BF3C0E00200020FFF73F
:10B13000F5BFFFFF2DE9F7430E4607467379032B52
:10B14000114604D00024204603B0BDE8F0833279D4
:10B15000C2EBC2041234A4B28C4205D9234B1B6843
:10B16000DA07EFD500BEEDE7214D95F801E0A846DE
:10B17000BEF1000FF2D196F800C006EB0C0191F879
:10B180000190B9F1210FE9D1C5F8881016F80CC06B
:10B1900005F1010E0235CDF804E00095614400F0A0
:10B1A000A9FD0028DAD0B37998F80210012B04BF6A
:10B1B000F37988F80330012388F80430B37888F8ED
:10B1C0000030D8F88830B3F80730A8F806300029E6
:10B1D000B9D04023074A384600F0DCFD0028B2D140
:10B1E000024B1B68DB07AED500BEACE7F0ED00E01C
:10B1F0003C0E0020840E002013782DE9F341154603
:10B2000003F01F02012A06460C4601D000246DE01F
:10B21000DFF8C081AA8898F80010D2B29142474660
:10B22000F4D113F060031FD0202BEFD16B78013BDA
:10B230000A2BEBD801A252F823F000BFAFB20000F6
:10B2400077B3000083B300000DB200000DB2000020
:10B250000DB200000DB200000DB2000009B30000F5
:10B2600053B300008FB30000012C01D001243DE056
:10B270006A78062ACAD16A88120A212A0AD1D8F81D
:10B280008820002AC2D01378294602B0BDE8F041D8
:10B2900001F016B9222AB9D1184602F0A5F9B8F87A
:10B2A000063002462946304601F00AF91EE0012C1C
:10B2B000DCD1EB886988402B4FEA1122184628BF61
:10B2C000402011F0FF0115D0012B13D90138384B64
:10B2D000397280B20090002002F060FB0444A4B2F6
:10B2E0005CB9344B1B68DB0790D500BE204602B02A
:10B2F000BDE8F0810024304BECE723462E4A294676
:10B30000304601F0DDF8B1E7012C05D1EB88402B88
:10B310003FF67CAF294AC5E7032CA7D1EB886988A3
:10B32000402B4FEA1122184628BF402011F0FF01A0
:10B330000DD0012B0BD997F848308B4207D101383B
:10B340001F4B80B20090002002F02AFB8EE71B4BBF
:10B35000F8E7012C8AD169881A4B090A79712BB157
:10B360000020AFF3008000283FF450AF294630465C
:10B3700001F08EF87AE7012C7FF478AF2346124A69
:10B3800090E7012C7FF472AF2346104A8AE7012C24
:10B39000ECD0032C7FF46AAF69880D4BC9B23971C8
:10B3A000002B3FF463AF0020AFF300805EE700BFE7
:10B3B000450E0020F0ED00E0440E0020840E002039
:10B3C000850E002000000000410E0020400E0020ED
:10B3D000000000003C0E002037B51A4CA2788A42CB
:10B3E0000546607813D088420AD1174A12B9012065
:10B3F00003B030BD9AB215490020AFF30080F6E7E4
:10B40000134B1B68DB0700D500BE0020F0E790421D
:10B41000EBD000229BB211461046009304F1480382
:10B4200002F0BEFA402304F14802A178284600F059
:10B43000B1FC0028DBD1064B1B68DA07E5D500BE5E
:10B44000D6E700BF3C0E002000000000440E0020A4
:10B45000F0ED00E00A4492B291424FEA400001D878
:10B46000824201DB121A92B21046704738B50D467F
:10B47000D41A8188A4B29A423CBF04EB4104A4B21E
:10B48000BCB1A14205D2914294BF531A8B189BB212
:10B49000438199420AD9C2880168C2F30E0202FBB5
:10B4A0000311284603F0DEF9012038BD5B1A9BB278
:10B4B000EFE72046F9E7F7B50446900803460D4646
:10B4C0004FF6FF76013B9BB2B3420ED112F003025E
:10B4D00001EB800107D002A8002340F8043D03F0EF
:10B4E000C1F9019B236003B0F0BD55F8047B2760D0
:10B4F000E8E72DE9F3470F46BDF8281084885E1A67
:10B50000B6B28B423CBF06EB4406B6B280466EB381
:10B51000B44206D29C4294BF191BE11889B2418102
:10B520002646964228BF16468C4223D9B8F80630E4
:10B53000D8F80050C3F30E03641A9AB2A4B202FB07
:10B5400001559DF82C10A6EB040914FB03FA19FB16
:10B5500003F901291FFA8AFA1FFA89F918D0A642BD
:10B560000BD872432946384603F07CF9304602B0C6
:10B57000BDE8F087091B89B2D6E75246294638460E
:10B5800003F070F94A46D8F8001007EB0A00EBE721
:10B59000A64207D816FB03F292B229463846FFF7B7
:10B5A0008AFFE3E72AF00304A4B22246294638467C
:10B5B000FFF781FF1AF0030A28D0CAF104039BB2F7
:10B5C0004B4505EB040102AC28BF4B460020A9EB1C
:10B5D000030944F8040D1FFA89F90A5C0255421C5C
:10B5E00092450CD1D8F8001020440B44994208D160
:10B5F000019B3B60B9F1000FB8D04A46CEE7104638
:10B60000EBE711F8012B00F8012FEFE7D8F8001055
:10B61000F0E7F7B59408234605464FF6FF76013B61
:10B620009BB2B3420CD112F0030200EB840005D0B0
:10B630000B6802A941F8043D03F014F903B0F0BD12
:10B640000F6845F8047BEAE72DE9F74F1446C27905
:10B650000589B0F804800F4641899B46D309064608
:10B66000ADB289B215D18D4236BFC1EB4801691A1E
:10B67000491989B2414536BFA8EB0101002189B2C1
:10B680008C4228BF0C46002C50D1204603B0BDE8A8
:10B69000F08F44450CD3BBF1000F06D1C288A4EB58
:10B6A0000804C2F30E0202FB04770D464446EAE7A3
:10B6B0008D424FEA480036BF421A6A1A521992B2B6
:10B6C00022448242DFDBA8EB040292B24046FFF73D
:10B6D000C1FE0546D7E7ACEB080C1FFA8CFCC4454D
:10B6E000F9D2A8EB0C01F088336889B2C0F30E00E0
:10B6F000A4EB010982B211FB00FA19FB00F9BBF1BE
:10B70000010F1FFA8AFA1FFA89F902FB0C3819D0C7
:10B710008C420DD862433946404603F0A3F82246D6
:10B720002946B088FFF796FE3081AEE7AC46D6E7F3
:10B7300052463946404603F095F84A4607EB0A015F
:10B740003068EAE78C4207D814FB00F292B239461F
:10B750004046FFF75EFFE2E72AF0030B1FFA8BFB80
:10B760005A4639464046FFF754FF1AF0030A28D0DC
:10B77000CAF1040080B2484502AB28BF48463A6887
:10B7800043F8042DA9EB0009D8441FFA89F90021D8
:10B79000CA5C08F8012001318A45F9D19A4433681E
:10B7A0000AEB00015A1E514506D11844B9F1000FA9
:10B7B000B5D04A463946CCE71AF801CB02F801CF9A
:10B7C000F1E73068F2E7B2F5004F11D88280C28805
:10B7D000016063F30E029DF80030C280C2F30722BD
:10B7E00063F3C71200234381C271038101207047B4
:10B7F000002070470389428981889BB292B29342AC
:10B8000036BFC2EB41029B1A9B1898B2884228BFF0
:10B8100008467047028943899BB29B1A5842584197
:10B82000704703894289818892B29BB2934236BFA6
:10B83000C2EB41029B1A9B189BB299428CBF00201D
:10B84000012070478288038940899BB280B283427D
:10B8500036BFC0EB4200181AC01880B2824286BFC1
:10B86000101A80B20020704710B50289438904463F
:10B87000FFF7FCFD6189034682B2A088FFF7EAFD6D
:10B880006081184610BD73B5038945890026CDE94E
:10B8900000560446FFF72DFE618903460246A08844
:10B8A000FFF7D8FD6081184602B070BD0289438958
:10B8B000FFF7DCBD70B5058904460E46ADB2FFF753
:10B8C000B0FF10B1E079C00913D0A2882B469A428C
:10B8D00010D9E2882068C2F30E0202FB0300314651
:10B8E00002F0C0FF01222946A088FFF7B3FD2081A6
:10B8F000012070BD9B1A9BB2E9E712B10023FFF74C
:10B90000A3BE104670470023438103810120704786
:10B91000C37961F3C713C3710120704708B50346AB
:10B9200000890A4601469888FFF794FD188108BDF2
:10B9300008B5034640890A4601469888FFF78AFD04
:10B94000588108BD70B5058943898488ADB29BB222
:10B950009D4236BFC3EB4402EA1A521992B2944296
:10B9600006D2AC4294BF2B1B63199BB24381224683
:10B970002AB9C1E900228A6070BD2D1BADB2AC426C
:10B98000FBD99C420AD90068AB4200EB03064E602B
:10B9900007D200230A804B808B60EDE71B1B9BB214
:10B9A000EFE7E31A9BB2D21A0B804A808860E3E784
:10B9B00070B502894489858892B2A4B2A24236BF8A
:10B9C000C4EB4503131B9B189BB29D4202D9EB1A93
:10B9D0009BB233B90023C1E900338B6070BD521BA9
:10B9E00092B29542FBD9A5420AD90068944200EB75
:10B9F00002064E6007D9A21A00230A804B80ECE7AA
:10BA0000641BA4B2EFE7AA1A92B29B1A0A804B8079
:10BA10008860E3E70A4B1B78834206D9094B1B6811
:10BA200000EB400003EBC00070479A1C8242A1BFAC
:10BA3000C01A054B182202FB0030B8BF0020704727
:10BA4000CC0E0020C80E0020A4ED000070B5134DF0
:10BA5000064600242B78E0B20233834210DA3B2200
:10BA600000210F4802F009FF1022FF210D4802F0CB
:10BA700004FF1422FF210C48BDE8704002F0FDBE17
:10BA8000FFF7C8FF013428B9084B1B68DB0700D556
:10BA900000BE70BD436830469847DBE7CC0E0020FF
:10BAA000CD0E0020D00E0020E00E0020F0ED00E0D2
:10BAB00070B50C4605461646086800F041FD23683F
:10BAC000324628460121BDE870401847044B1B78D8
:10BAD00010B1184600F062BF184600F075BF00BFF5
:10BAE0002C000020024B5878003018BF012070470E
:10BAF000CD0E0020024B1878C0F38000704700BFC5
:10BB0000CD0E0020024B1878FF3818BF0120704777
:10BB10002C000020F8B51B4E3278FF2A05461FD1B5
:10BB2000194C1A483B22002102F0A7FE201DFFF706
:10BB3000EAFE174B1C60174B23B11748AFF3008088
:10BB4000164B1860144F00243B78E0B20233834256
:10BB500008DA2846357000F05DFF284600F01EFF29
:10BB6000012009E0FFF756FF013430B90C4B1B6888
:10BB700013F0010304D000BEF8BD03689847E3E763
:10BB80001846F9E72C0000201C000020CD0E0020F4
:10BB9000080F002000000000CC0E0020C80E00207E
:10BBA000F0ED00E0F0B54378023B85B005460C4669
:10BBB000032B12D8DFE803F0026F242C374B1A78DE
:10BBC0006FF300021A701A7800216FF341021A70A5
:10BBD00059701A7861F382021A70314B1E6814B9D9
:10BBE0003368204698472946301DFFF763FE054617
:10BBF00014B9336801209847002D46D005B0F0BD38
:10BC0000264B1A78D607F9D51A7842F00402E3E7F2
:10BC1000224A1378D807F1D513786FF38203137093
:10BC2000DBE7FFF7F7FE20B1436913B169682878B5
:10BC3000984701363B78F0B202338342F1DA174A73
:10BC400013785907DAD513786FF382031370002342
:10BC5000CDF80630CDF80A30ADF80E302B788DF8DF
:10BC6000043005238DF805300D4B1D6814B92B6881
:10BC70002046984701A9281DFFF71CFE064614B967
:10BC80002B6801209847002EB8D1064B1B68DB07B4
:10BC9000B4D500BEB2E70026034FCBE7CD0E00209F
:10BCA000080F0020F0ED00E0CC0E002038B58B78B6
:10BCB00003F07F03092B0C4606D90B4B1B68DB07EF
:10BCC00000D500BE002038BD084B1D78084B20462B
:10BCD000997801F0EDFA0028EFD021462846BDE81A
:10BCE000384000F0E5BE00BFF0ED00E02C00002081
:10BCF000CD0E00202DE9F047DDE9085680460C46C0
:10BD000091469A460027B94501DC01200CE0637892
:10BD1000052B04D1E17801F00301514508D00E4B09
:10BD20001B68DA0702D40020BDE8F08700BEFAE7FE
:10BD300021464046FFF7BAFF28B9074B1B68DB07CF
:10BD4000F1D500BEF0E7A178CB0914BF317029709E
:10BD5000237801371C44D6E7F0ED00E0CB0901F071
:10BD60007F00273303EB400302480021184401F011
:10BD700077BA00BFCD0E0020CB0901F07F0027333A
:10BD800003EB400302480021184401F080BA00BFD1
:10BD9000CD0E002038B5154C01F07F0504EB4504AD
:10BDA00004EBD1142034E079C00707D5104B1B6891
:10BDB000DA0701D4002038BD00BEFBE7E5790D4865
:10BDC00045F001050078E57100F058FF0028F2D138
:10BDD000E37960F30003E371E37960F38203E371D5
:10BDE000034B1B68DB07E5D500BEE4E7CD0E002062
:10BDF000F0ED00E02C00002010B50C4C01F07F02AB
:10BE000004EB420404EBD1142034E3799B070BD4F8
:10BE1000074B187800F056FFE37943F00203E37113
:10BE2000E37943F00103E37110BD00BFCD0E0020A4
:10BE30002C00002010B50C4C01F07F0204EB4204F2
:10BE400004EBD1142034E3799B070BD5074B18780A
:10BE500000F064FFE3796FF34103E371E3796FF37B
:10BE60000003E37110BD00BFCD0E00202C000020A8
:10BE70002DE9F04FBA4B1B78FF2B89B000F0998267
:10BE8000B84B1D682C46002054F8043B98472046C8
:10BE900005A9FFF7E9FC2B68044601209847002C10
:10BEA00000F087829DF81530013B072B00F2AE822F
:10BEB000DFE813F008001300AC028A0299021F00A9
:10BEC0005802A5029DF81400FFF7C0FD00F030FBFA
:10BED000A54B9DF818209A70D2E79DF81400FFF743
:10BEE000B5FD00F025FBA14B002BC9D0AFF30080BE
:10BEF000C6E79D4C9DF81450237843F0010323704E
:10BF000094F827306FF3000384F8273094F8273033
:10BF10006FF3820384F8273094F828306FF300031E
:10BF200084F8283094F828306FF3820384F828309E
:10BF3000002000F005FB9DF8187007F06008B8F1CC
:10BF4000600F0FD18A4B1B68DC0700D500BE9DF83F
:10BF50001400002100F0B6FE80219DF8140000F0CE
:10BF6000B1FE8DE7B8F1400F0DD182480028EED028
:10BF700000F0E6FA06AA01212846AFF30080002867
:10BF80007FF47EAFE3E707F01F07012F00F09381F6
:10BF900019D3022FD6D19DF81C1001F07F06092E6F
:10BFA000D0D804EB460606EBD116F07CFFF732FD45
:10BFB0008146B8F1000F00F0AA810028C7D006AA78
:10BFC00000F10C010FE0B8F1200F10D19DF81C30EA
:10BFD0000F2BBCD81C44E078FFF71CFD0028B6D01E
:10BFE00006AA00F10C012846FFF762FDC7E7B8F189
:10BFF000000FA7D19DF81930092BA3D801A252F840
:10C0000023F000BF9FC200008DC2000045BF0000AA
:10C0100079C2000045BF00002DC00000B9C100007A
:10C0200045BF000047C000005BC0000006A800F04C
:10C030008DFA9DF81A10284600F0E0FC237843F0B2
:10C04000020323701CE708AA637802F80E3D01235F
:10C0500006A9284600F034FA12E79DF81A90637892
:10C06000994531D063783BB1284600F0EDFDA678C4
:10C070002846FFF7EBFCA670B9F1000F00F09680A0
:10C0800009F1FF30C0B201F0BDFA10B14378022BC4
:10C0900006D0374B1B68DF077FF554AF00BE51E772
:10C0A000C2792378511161F30413921162F345139D
:10C0B00023704388C31800F109060293029BB34220
:10C0C00009D82D4B002B6ED184F8019006A9284683
:10C0D00000F0DEF9D4E673780B2B03BF337896F8C3
:10C0E0000380F6184FF001087378042BD1D1029B1E
:10C0F0009B1B9BB2039300230193204B9DF804707C
:10C100001B780233BB4225DB3846FFF783FC8346AE
:10C110000028BED08368039A3146284698470828ED
:10C1200082463DD9039B83423AD3B8F1010F06D131
:10C13000DBF80820124B9A4208BF4FF00208002299
:10C14000D3B2434520D331463B4652460D4801F019
:10C15000DFF85644094B1B7802339F42AEDD98E767
:10C160002C000020080F0020CD0E00200000000051
:10C17000F0ED00E00000000000000000CC0E002008
:10C1800031AE0000E00E0020B1780B44A34951FA13
:10C1900083F30132D978FF297FF47BAFDF70CFE7DB
:10C1A000019B0133A8E7AFF300808DE79C4B002B88
:10C1B0008AD0AFF3008087E7BDF81A00030A5A1E41
:10C1C000C0B20E2A3FF6C3AE01A151F822F000BF63
:10C1D0000DC2000037C2000057C200004FBF000070
:10C1E0004FBF00006BC2000037C200004FBF00000D
:10C1F0004FBF00004FBF00004FBF00004FBF000007
:10C200004FBF00004FBF000017C2000001F0E4F96B
:10C21000122302460AE0834B002B3FF498AEAFF3A3
:10C220000080024600283FF48DAE438806A92846C8
:10C2300000F046F9A3E6022B06D101F0E3F900284D
:10C240003FF480AE4388E4E7774B002B3FF47FAEAA
:10C25000AFF30080F3E7BDF81C1001F011FB0246BC
:10C2600000283FF474AE0378E0E7704B002B3FF4F6
:10C270006EAEAFF30080F2E7BDF81A30012B7FF409
:10C2800066AE237843F0080323701FE7BDF81A3029
:10C29000012B7FF45CAE23786FF3C303F4E72378BC
:10C2A000C3F340129B0803F00203134308AA22F8C9
:10C2B0000E3D0223CCE69DF81C300F2B3FF647AE17
:10C2C0001C44E078FFF7A6FB00283FF440AE00F1E5
:10C2D0000C0106AA2846FFF7EBFB00287FF4D0AD3F
:10C2E0009DF8183013F060047FF431AE9DF81930DA
:10C2F0000A3B012B3FF62BAE00F022F99DF81930D6
:10C300000A2B7FF4E3AE08AA02F80E4D9FE69DF8D3
:10C310001930012B03D01DD3032B7FF413AEBDF8CE
:10C320001A2022B9012B284619D1FFF783FDB9F154
:10C33000000F3FF4A5AD06AA09F10C012846FFF74E
:10C34000B7FB002000F0FCF894F82830DE073FF53A
:10C3500097ADBBE696F82730C3F34003A6E7FFF797
:10C360004BFDE4E79DF818102C4B01F07F0403EB24
:10C37000440303EBD11393F827006FF3000083F815
:10C38000270093F827006FF3820083F827003CB959
:10C39000079B9DF819209DF8140000F0E3F86FE565
:10C3A000D87CFFF737FB38B9214B1B68D80700D57D
:10C3B00000BE09B0BDE8F08F0469079B9DF8192005
:10C3C0009DF81400A0475BE5144B1A78D1077FF560
:10C3D00057AD184A002A3FF453AD1878C0F3C00097
:10C3E000AFF300804CE50D4B1B78DA077FF548ADC5
:10C3F000114B002B3FF444ADAFF3008040E5069BAA
:10C40000002B3FF43DAD0798984739E5084B1B6872
:10C41000DB077FF535AD00BE32E500BFCD0E002055
:10C42000000000000000000000000000000000000C
:10C43000F0ED00E00000000000000000124B9989C0
:10C44000DA8970B58C1AA4B2054693F90000402C25
:10C4500028BF4024002809DA914212D099680B487D
:10C46000224602F0FFF98021084A04E091424FF091
:10C470000001F9D1002223462846BDE87040FFF7AD
:10C4800089BC8021F6E700BF0C0F0020200F0020A0
:10C4900030B40A4C05460A4608684968234603C377
:10C4A0000023C4E9023392F900209A4228461A4632
:10C4B000ACBF8021194630BCFFF76CBC0C0F0020CC
:10C4C000F8B5194D0C46074608684968AA602E461B
:10C4D00003C60021E981E1888B4228BF0B46AB816E
:10C4E00079B143B13AB9114B1B68DA0701D4002086
:10C4F000F8BD00BEFBE73846FFF7A0FF68B101209A
:10C50000F6E794F90030002B0A460B463846ACBFDC
:10C5100080210021FFF73EFCF0E7044B1B68DB079E
:10C52000E5D500BEE4E700BF0C0F0020F0ED00E011
:10C5300014220021014802F0A0B900BF0C0F002016
:10C54000014B1861704700BF0C0F00200146044AE0
:10C5500000684968134603C30023C2E902337047E9
:10C560000C0F002070B52F4C1E462378C909B1EB83
:10C57000D31F054616D03EB12B4B1B68DA0701D4FA
:10C58000002070BD00BEFBE7284B13B12146AFF37E
:10C59000008023690BB90120F3E7224A03212846D2
:10C5A0009847F8E794F90030002B06DBA0680028D4
:10C5B000E6D032461E4902F055F9A368E2893344B9
:10C5C0003244A360E38892B29342E28101D03F2ECD
:10C5D00024D823699BB994F90030002B4FF0000355
:10C5E0001A46ACBF802119462846FFF7D3FB002826
:10C5F000D1D10D4B1B68DB07C2D500BEC1E70221BC
:10C60000084A2846984701460028E4D1284600F009
:10C6100059FB8021284600F055FBBCE72846FFF770
:10C620000DFFE4E70C0F0020F0ED00E0000000003B
:10C63000200F002030B503468518EC1A012C09D8CC
:10C6400054086FF0010303FB042212B110F81430F8
:10C650000B7030BD33F8024B0C80EEE7F0B585B0BF
:10C660000F4601A915460646FFF76CF9BDF80440D0
:10C670000298AC4228BF2C462D1B22463946ADB24B
:10C68000FFF7D8FF55B1BDF8063003989D4228BF8B
:10C690001D462A46FFF7CEFF2C44A4B22146304661
:10C6A000FFF746F905B0F0BD2DE9F843174BDC88DC
:10C6B00081461F4634B91C705C709C70DC70012090
:10C6C000BDE8F883B0F85E8008F07F084445254651
:10C6D00028BF45464DB11E685B7ADB0700F11401A7
:10C6E0002A4630460DD5FFF7B9FF454538BF4FF410
:10C6F0000043A4EB050438BFA9F82230FC800020D9
:10C70000DEE72E44FFF796FF3E60EEE7600F002065
:10C7100070B50446BDF81050FAB14FF4846020841F
:10C72000208C8606FCD51748467A858061F3000682
:10C730004672C580EDB10360BAB1B4F86030DB0B6E
:10C7400003D0B4F854301B060CD40F4B186810F00B
:10C75000010001D000BE002070BD0284208C800644
:10C76000FCD4E0E72046FFF79FFF0120A4F860001B
:10C77000F2E70523057045708570C570A4F8603038
:10C780000120E9E7600F0020F0ED00E02DE9F84F0F
:10C79000314E0C2303FB01630546B3F806800C46BB
:10C7A000B8F1000F17D131B101F1370235F812306D
:10C7B0005904FBD404E0294B1B68D80700D500BE00
:10C7C0000C235C43321900233355012053709370BE
:10C7D000D370BDE8F88F8BB243F480620285A0F875
:10C7E0006430B0F86CA01FFA8AFA2B8D03F00F03A7
:10C7F0009C42FAD16B8D9A04FCD5D045474628BFA0
:10C80000574687B14FF00C0B0BFB04FB06EB0B03F9
:10C8100005F1180153F8089B5B78DB073A46484658
:10C8200013D5FFF71BFF57453CBF4FF400436B8503
:10C8300000232B85288D10F00F00FBD10C2303FB68
:10C840000464A8EB0707E780C3E7B944FFF7F2FEEB
:10C8500046F80B90E7E700BF600F0020F0ED00E026
:10C860002DE9F843DFF8D4C0BDF82050D7098E4633
:10C8700002F07F020CEB07110A44044692F878108C
:10C8800041B92D4B186810F0010001D000BE0846D8
:10C89000BDE8F8830C224A430CEB02064CF8023048
:10C8A00096F80990B5806EF3000986F80990F58036
:10C8B000BFB11DB1FFF76AFF0120E9E78BB2038525
:10C8C000238D03F00F039942FAD1638D9E04FCD5AA
:10C8D0004FF40043638500232385238D1D07FCD17E
:10C8E000EAE74B1E042BE7D801F1230610EB860381
:10C8F000E2D08AB200EB4101A0F86420B0F86C20CD
:10C90000B1F86E00800718BFA1F86E7014F8260009
:10C91000002004F8260092B258781544012058707F
:10C92000013D95FBF2F55D805A7842F002025A70A3
:10C93000A1F86E00ACE700BFF0ED00E0600F002052
:10C940007FB50E4601A914460546FFF731F8BDF83C
:10C950000410029AA14228BF21460B4613F1FF336F
:10C9600013D2641AA4B25CB1BDF80620944228BF69
:10C970001446039A234613F1FF330AD2214489B2A5
:10C980002846FEF7CBFF04B070BD307802F8010BEB
:10C99000E4E7307802F8010BEDE7FFFF084B03EB0B
:10C9A000C000426853B2002B08DB012102F01F02D5
:10C9B00001FA02F25B09034941F82320704700BFE6
:10C9C0003000002000E100E00A4B03EBC0004268A9
:10C9D00053B2002B0DDB01215B0902F01F0201FAAB
:10C9E00002F22033044941F82320BFF34F8FBFF3F5
:10C9F0006F8F70473000002000E100E07047FFFFBC
:10CA0000034B53F83020138843F010031380704712
:10CA10003000002038B51F4C1F4B626853F830308F
:10CA200000F10B050121A94022EA010262601A8887
:10CA300042F480621A801A885205FCD51A886FF376
:10CA400045121A801A886FF386121A801A8842F0EB
:10CA500001021A800522C3F8F020D3F800246FF3F6
:10CA60000412C3F80024B3F85E20402161F30602EB
:10CA7000A3F85E200022A3F840204FF45D421A86FE
:10CA800001225A87DA86B3F840301B0601D5FFF73A
:10CA9000B7FF38BDFC6F044030000020034B53F853
:10CAA00030301A886FF304121A807047300000206B
:10CAB0002DE9F84FCE78B1F804A006F00306012E58
:10CAC0008046CAF30A0A04D1BAF5807F06D900204D
:10CAD00060E0022E04D067D8012E70D13F4B0CE0ED
:10CAE0003E4B93F82C20002A56D093F83820002A89
:10CAF00054D093F84420002A52D01A7D002A51D0F5
:10CB000093F82030002B5AD102248978344B334AD1
:10CB100053F838704FEAD1194FEA09150C2303FB7B
:10CB2000042301F07F0B2A445A441972404682F8CC
:10CB30007840FFF749FFA3B207EB4402A7F864303F
:10CB40004FF44073A7F86CA0022EA2F86E304FF09D
:10CB50000003A2F86E3045EA0B0337D143F4854356
:10CB60009BB2A7F86830012303FA04F4A4B284F45A
:10CB7000FF715940A7F84610F98E0C43FC86B9F1B5
:10CB8000000F01D1022E01D0A2F86E304046FFF70F
:10CB900005FF0120BDE8F88F0324B6E70424B4E7BD
:10CBA0000524B2E70124B0E70C4B06240C2202FB5B
:10CBB0000430007A0028A8D001340A2CF7D1094BA0
:10CBC000186810F00100E5D000BE80E7032E0CBF0E
:10CBD00043F4004343F44243C2E700BF600F002028
:10CBE00030000020F0ED00E0154B70B553F83050E8
:10CBF000144BE88E01F07F06C90909015A18324426
:10CC0000012492F87820944020EA0400E8869AB142
:10CC100002F1370405EB44040020208094B2A5F80B
:10CC200064400C2404FB02320B443344A5F8680032
:10CC300083F87800107270BD05F16004ECE700BF66
:10CC400030000020600F0020F8B50546FFF7BCFE5D
:10CC5000094E0A240C27013C04D12846BDE8F840BF
:10CC6000FFF79CBE07FB0463197A0029F3D028461E
:10CC7000FFF7BAFFEFE700BF600F00202DE9F34197
:10CC800098460F4B0C46174653F830600546FFF7A1
:10CC90009BFE14F07F01CDF800803B4622460AD16E
:10CCA0003046FFF735FD04462846FFF777FE20465D
:10CCB00002B0BDE8F08100213046FFF7D1FDF2E778
:10CCC0003000002038B5134B11F07F02054653F8B1
:10CCD00030401BD0CB09104901EB0311114491F8EE
:10CCE00078309BB1373304EB43048CB12846FFF70F
:10CCF0006BFE238803F0030343F002032380022327
:10CD000023802846BDE83840FFF748BE6034ECE792
:10CD100038BD00BF30000020600F00201A4B2DE905
:10CD2000F04111F07F0807460E4653F8305016D0F8
:10CD3000164ACB0902EB0313434493F8784074B1CD
:10CD4000373405EB4404ECB13846FFF73DFE4FF4B1
:10CD500080732380F30905D0012323800DE005F1C2
:10CD60006004F0E7094B434493F87830A5F8643049
:10CD7000B5F868309B0B012BEED13846BDE8F04189
:10CD8000FFF70CBEBDE8F08130000020600F0020EE
:10CD9000C14A2DE9F04F52F83040B4F84070BFB2AC
:10CDA000FB4363F478439BB217F4004F8BB0054606
:10CDB000A4F84030904606D0B4F840301E0640F14A
:10CDC000AB80FFF71DFE780413D500260523012153
:10CDD00007A88DF81D30CDF81E60CDF82260ADF8A3
:10CDE00026608DF81C50FEF7DDFE238E66F34D3372
:10CDF0002386B90416D5238E9A0413D5002603235F
:10CE0000012107A88DF81D30CDF81E60CDF82260F5
:10CE1000ADF826608DF81C50FEF7C4FE238E66F335
:10CE20004D332386FB040AD507F07003402B7CD0DA
:10CE300075D8102B00F08E80202B00F0F280380582
:10CE400034D5F90740F10F8158F83530B3F8402058
:10CE500012072BD54FF480425A84B3F85420ADF812
:10CE60001420B3F85620ADF81620B3F85820ADF8CA
:10CE70001820B3F85A20ADF81A204FF6F772A3F82D
:10CE800040200023CDF81E30CDF82230ADF82630FA
:10CE90000822062305A908A88DF81C508DF81D301E
:10CEA00001F0E0FC012107A8FEF77CFE7E051ED5FF
:10CEB000B4F84A300026D807A4F84A6017D558F8C5
:10CEC0003500FFF7F1FB90B1744B07229B888DF87A
:10CED0001D200121802207A8CDF81E60ADF8226038
:10CEE0008DF81C508DF820200993FEF75BFEF905A4
:10CEF0000FD5E38EB4F84620684E13400093DB4311
:10CF00009BB2A4F846304FF00C0B009B002B40F076
:10CF1000C9800BB0BDE8F08FFFF7C0FD53E7602B71
:10CF200003D0702B01D0502B89D10023CDF81E30B7
:10CF3000CDF82230ADF826300121042307A88DF862
:10CF40001D308DF81C50FEF72DFE238E43F4005348
:10CF5000238674E758F8356001237387F3864FF40E
:10CF60008043738400233385338D13F00F03FBD18B
:10CF7000B385B28D12F00F02FBD106F1700106F1FC
:10CF8000900001234FF4007E4FF4807C1FFA83F958
:10CF90000133062BA6F86490A6F86820A1F800E0FB
:10CFA00021F8022B20F804CBF0D106F17A020021FF
:10CFB0004FF400701FFA83FC01330A2BA6F864C0FB
:10CFC000A6F86810108022F8021BF3D198220021E5
:10CFD000324801F052FC338903F00703022B15D0CD
:10CFE000032B1CD0012B13D100220121CDF81E20D0
:10CFF000CDF82220ADF826208DF81C508DF81D109C
:10D000008DF8203007A8FEF7CDFD18E70023EBE7E9
:10D01000234B1B68DE077FF512AF00BE0FE702232C
:10D02000E2E758F83530B3F8503013F07F033FF49F
:10D0300006AF4FF4A062ADF816300023ADF814200F
:10D040000693CDF81E30CDF82230ADF8263005A974
:10D050000623082208A88DF81C508DF81D3001F019
:10D0600001FC0121CEE717F007037FF41FAF58F84A
:10D070003520128CCDF81E3012F0200F14BF802204
:10D0800000220721ADF822308DF81C508DF81D10BC
:10D090008DF82020099305E730000020600F002064
:10D0A000F0ED00E0009B58F8354093FAA3F7B7FA8B
:10D0B00087F70BFB07631A7AD2090ED03946204650
:10D0C000FFF764FB002840F09B80012303FA07F779
:10D0D000009B23EA0703009317E7002F61D0DB884A
:10D0E0000193BBB22385A4F86430B4F86C309BB2D2
:10D0F000228D02F00F029742FAD1628D9204FCD584
:10D10000628DC2F30B029A4228BF1A460292DDE9F1
:10D1100001218A4228BF0A4692460BFB0762D2F8D9
:10D120000090BAF1000F0AD0527AD0072AD55246A1
:10D1300004F1180148460393FFF702FC039B534593
:10D1400084BF4FF48042628500222285228D110720
:10D15000FCD101990BFB0762A1EB0A015345D18079
:10D1600003D8DDE901239342AFD30BFB07F1002382
:10D170007218B9EB0300735418BF012053709370F9
:10D18000D3709FE74946524612F1FF3205D20BFB9E
:10D1900007F209EB0A01B150D1E7207E01F8010B3B
:10D1A000F2E7B4F85EA0628CF388C2F30B020AF0D7
:10D1B0007F0A524528BF52469A42019228BF1A461A
:10D1C000914652B1727A3068D20731D54A4604F19D
:10D1D00014010293FFF7B4FB029BCA4584BF4FF4CE
:10D1E00080426284A3EB0902CA45F28003D8019A07
:10D1F0009A42FFF46AAF002333707370B370F37018
:10D200000BFB076207A89388117AD2888DF81C500F
:10D210009B1A0022CDF81E20ADF822208DF8201098
:10D22000072201218DF81D200993FEF7BBFC4CE776
:10D2300001464A4612F1FF3202D248443060CCE740
:10D2400094F814C001F801CBF4E700BF024B03EBE4
:10D25000C0004160704700BF30000020FEF752BCA4
:10D26000037813F0010310D10278C2F3800262B98F
:10D27000037813F0010308D10278530705D403782B
:10D2800043F00403037001207047002070470378C7
:10D29000C3F380034BB1027812F0010105D102788B
:10D2A00061F3820202701846704700207047FFFF4A
:10D2B0008388C07800F003000228C3F30A0312D069
:10D2C0001BD801280DD1022940F2FF3208BF4FF4CC
:10D2D00080629A420DD20D4B186810F0010008D000
:10D2E00000BE00207047022904D1B3F5007FF2D1BF
:10D2F00001207047402BEED8FAE702290CBF4FF40B
:10D30000806240229A42E6D3F2E700BFF0ED00E0EF
:10D3100030B50A44914200D330BD4C78052C06D17B
:10D320008C7804F07F0500EB4505E4092B550C785B
:10D330002144EFE70368DB691847037C0BB901233D
:10D3400003747047704713B502AB026803F8011D00
:10D35000546819460122A04702B010BD007C10B1EC
:10D360000020FDF783BC7047007C10B10020FDF762
:10D3700011BD7047037C13B10020FDF7A7BC7047B7
:10D3800007B5007C38B10DF107010020FDF794FCD2
:10D3900020B19DF8070003B05DF804FB4FF0FF30AB
:10D3A000F9E7704710B504460020FDF749FC00B9C5
:10D3B000607C10BD037C07B513B94FF0FF3012E05D
:10D3C000FFF7F0FF0028F8D00020FDF74FFC002801
:10D3D000F3D001220DF107010020FDF753FC0028D6
:10D3E000EBD09DF8070003B05DF804FB037C2DE94A
:10D3F000F0418846174623B3FFF7D4FF08B3002057
:10D40000FEF764FB3D460024FDB10020FDF7C2FCA1
:10D4100030B90120FEF75AFB0020FDF757FCF3E777
:10D42000A842024608EB040128BF2A460020FDF767
:10D4300091FC06460120FEF749FB1EB13444AD1BAA
:10D44000EAE700242046BDE8F0813C46FAE7FFFF0A
:10D4500038B5037C04460BB9002038BD4FF0FF30CF
:10D460000021FEF705FD2046FFF79CFF0028F3D0C2
:10D47000054D2C78002CF0D00A20FDF769FB002325
:10D480002B702046E9E700BF3800002030B5164B6E
:10D4900016494AF20252A3F8FE23154A8BB01160D6
:10D4A0004FF42542A3F8FE2306238DF814300523FC
:10D4B00001248DF8153005A9032301A88DF8163035
:10D4C0008DF817308DF818408DF81940F7F75EFB8E
:10D4D000054601A8F7F786FB064B0E2D1C7000D100
:10D4E000FEE70BB030BD00BF00E00140358173079F
:10D4F00000E5014020100020064B1970064B1A7001
:10D50000064B1B68B3F5966F02D109B9FDF7F8B861
:10D51000704700BF10100020111000200C100020D8
:10D520000A4A0B6813600A4A48791060094A087968
:10D530001060094A89791160B3F5966F04D1074BE1
:10D540001B780BB9FDF7DCB8704700BF0C1000204A
:10D550001C100020181000201410002010100020B3
:10D56000054B00224FF47A71C3E901210349196088
:10D570001A745A74704700BFF80F0020F4ED0000D1
:10D5800010B501F1080400F00F02D3B2092ACCBF94
:10D590003733303304F8013DA1424FEA1010F2D185
:10D5A00010BDFFFF08B5EFF30383103B5BB2C03340
:10D5B000084A52F823106FF3104142F8231000205C
:10D5C000FFF7E6FB00214FF0FF30BDE80840FEF713
:10D5D0004FBC00BF0060004002480023037143714C
:10D5E000837170473900002007B505480023019377
:10D5F00010B101A8AFF3008003B05DF804FB00BFD9
:10D6000000000000014B1868704700BF2410002084
:10D610002DE9F04F954B1E68A3B09846002E40F0C0
:10D620001F814024224631460DF1460001F025F9C4
:10D6300040F60833ADF8443040F2012202238DF861
:10D6400047308DF848308DF84930ADF850208DF8CE
:10D65000523040F204528DF873308DF8823040F22F
:10D660000143ADF8542081212422ADF85E304FF4FF
:10D6700009738DF856208DF86A107D4AADF8603038
:10D68000082140F202537B4F16928DF86C1007224E
:10D690000A21ADF8623040F224638DF868208DF8DD
:10D6A00074108DF87F207449ADF8643082224FF4F5
:10D6B00011630125002F4FF0050940F2094B4FF08F
:10D6C000030A1E918DF88120ADF86E304FF00E02E6
:10D6D0004FF4827331460DF116008DF87C408DF8C1
:10D6E0008340ADF8703014BF02240024ADF84CB074
:10D6F0008DF85C508DF869908DF86BA08DF8809056
:10D700008DF8675001F0B9F8FE238DF81930092320
:10D710008DF81D3021238DF81E300D238DF81F301C
:10D72000E823002F8DF820304FF010038DF82330C0
:10D730000CBF3B462B468DF816401C444F4BADF8B2
:10D7400014B08DF81A508DF81B508DF81C908DF880
:10D7500021A08DF824508DF82550E4B20196002BBD
:10D7600000F0818001A8AFF30080172200210DF1A5
:10D770002A0001F082F840F20943ADF8283040F267
:10D780000133ADF82C3021238DF8323011238DF880
:10D79000333042F20123ADF8363040F20753ADF892
:10D7A0003A3040F28333ADF83C3040238DF83E30C0
:10D7B0000A238DF84030019B8DF838304FF0000A75
:10D7C000002F4FF009094FEA132314BF5D264E4680
:10D7D00055458DF8393014BF1922524640F20923BD
:10D7E0001644ADF80830C02301218DF82A408DF889
:10D7F0000F302C44FA2330468DF831908DF83410D8
:10D800008DF80EA08DF80D108DF810308DF80A608F
:10D810008DF80BA08DF80C4001F014F8C8F800004A
:10D82000F0B13246514601F028F8D8F800404A4697
:10D8300002A9204601F016F804EB09005FB142226C
:10D8400011A901F00FF8122205A904F14B0001F013
:10D8500009F804F15D001DB119220AA901F002F8CE
:10D8600023B0BDE8F08F1D467FE700BF24100020E5
:10D8700020010524A3D300000705020200000000D8
:10D8800070B5204C94F900300546B3B91E4B1B68A7
:10D8900003F1140658692146FFF772FE04F10801EE
:10D8A0007068FFF76DFE04F11001B068FFF768FEC5
:10D8B00004F11801F068FFF763FE5DB9134B40F205
:10D8C00009425A800123013310485B0043F440733E
:10D8D000038070BD052D12D80D4B0C4C53F825104C
:10D8E0000122013911F9010F531EDBB20028EAD0E1
:10D8F00024F812000132212AF4D12023E3E700208A
:10D90000E7E700BF6A1000209CB17F40281000208C
:10D9100020EE00007047FFFF1FB5FFF79FFC044695
:10D9200090BBFFF7F7FF19494AF20253A1F8FE3303
:10D93000174B5A6822F400625A605A6822F48052E7
:10D940005A604FF42543A1F8FE3304230193114B91
:10D9500002936FF020030393FBF7A6F901AA0121BC
:10D96000FBF79EFB03992046FFF770FCFFF750FE84
:10D970002046FEF7CFF8F7F7B3F8074AB2F8CC30F5
:10D9800043F08003A2F8CC3004B010BD00E00140A9
:10D99000FC6F0440A5D5000000000940002070473E
:10D9A0007047FFFFF8B500260F460446154606806F
:10D9B00046808680F7F791F8874216D8304901EB08
:10D9C000C70133464868F2B230F812101DB901F0B1
:10D9D0003E020A2A04E0012D09D101F03E02082A84
:10D9E0000BD00A0406F10106EDD52046F8BD022D44
:10D9F00008D101F03E02042AF1D15A1C24F8131078
:10DA0000D3B2EEE7032D04D101F03E02062AE0D1A5
:10DA1000F3E7042D02D101F03A02E0E7052D02D12F
:10DA200001F03A02D5E7062D03D101F03E02102A9B
:10DA3000D6E7072D05D101F03E02122ADDD0182AC3
:10DA4000CEE7082D03D101F03E02022AC8E70A2DD5
:10DA500003D101F03E02142AC2E70B2D03D101F0DD
:10DA60003E021C2ABCE70C2D03D101F03E021A2A0B
:10DA7000B6E70D2DB5D101F03E021E2AB0E700BF7A
:10DA800024EC000010B5002814BF044601242046F1
:10DA900000F0D8FE30B900F015F808B900F0C4FE67
:10DAA0008047F4E710BD0368DB0706D4437803B171
:10DAB000FFDE0123437018467047002070470123A2
:10DAC00003607047024B1868BFF35B8F704700BF5D
:10DAD000AC10002000F000B800F0BCBE81F00041A6
:10DAE00002E000BF83F0004330B54FEA41044FEA43
:10DAF000430594EA050F08BF90EA020F1FBF54EADE
:10DB0000000C55EA020C7FEA645C7FEA655C00F079
:10DB1000E2804FEA5454D4EB5555B8BF6D420CDD4A
:10DB20002C4480EA020281EA030382EA000083EACD
:10DB3000010180EA020281EA0303362D88BF30BD6D
:10DB400011F0004F4FEA01314FF4801C4CEA1131C3
:10DB500002D0404261EB410113F0004F4FEA033322
:10DB60004CEA133302D0524263EB430394EA050FAD
:10DB700000F0A780A4F10104D5F1200E0DDB02FA1C
:10DB80000EFC22FA05F2801841F1000103FA0EF2B0
:10DB9000801843FA05F359410EE0A5F120050EF176
:10DBA000200E012A03FA0EFC28BF4CF0020C43FAA7
:10DBB00005F3C01851EBE37101F0004507D54FF0B4
:10DBC000000EDCF1000C7EEB00006EEB0101B1F504
:10DBD000801F1BD3B1F5001F0CD349085FEA30004A
:10DBE0004FEA3C0C04F101044FEA445212F5800F55
:10DBF00080F09A80BCF1004F08BF5FEA500C50F1F2
:10DC0000000041EB045141EA050130BD5FEA4C0CD4
:10DC1000404141EB010111F4801FA4F10104E9D15D
:10DC200091F0000F04BF01460020B1FA81F308BF54
:10DC30002033A3F10B03B3F120020CDA0C3208DD20
:10DC400002F1140CC2F10C0201FA0CF021FA02F1FB
:10DC50000CE002F11402D8BFC2F1200C01FA02F16B
:10DC600020FA0CFCDCBF41EA0C019040E41AA2BF90
:10DC700001EB0451294330BD6FEA04041F3C1CDA58
:10DC80000C340EDC04F11404C4F1200220FA04F078
:10DC900001FA02F340EA030021FA04F345EA030122
:10DCA00030BDC4F10C04C4F1200220FA02F001FAE4
:10DCB00004F340EA0300294630BD21FA04F0294666
:10DCC00030BD94F0000F83F4801306BF81F48011FF
:10DCD0000134013D4EE77FEA645C18BF7FEA655C72
:10DCE00029D094EA050F08BF90EA020F05D054EA44
:10DCF000000C04BF1946104630BD91EA030F1EBF49
:10DD00000021002030BD5FEA545C05D1400049414C
:10DD100028BF41F0004130BD14F580043CBF01F53F
:10DD2000801130BD01F0004545F0FE4141F4700125
:10DD30004FF0000030BD7FEA645C1ABF1946104600
:10DD40007FEA655C1CBF0B46024650EA013406BF01
:10DD500052EA033591EA030F41F4002130BD00BFC0
:10DD600090F0000F04BF0021704730B54FF480647D
:10DD700004F132044FF000054FF0000150E700BFFE
:10DD800090F0000F04BF0021704730B54FF480645D
:10DD900004F1320410F0004548BF40424FF000014A
:10DDA0003EE700BF42004FEAE2014FEA31014FEA8D
:10DDB00002701FBF12F07F4393F07F4F81F06051DC
:10DDC000704732F07F4208BF704793F07F4F04BF27
:10DDD00041F40021704730B54FF4607401F0004504
:10DDE00021F000411CE700BF50EA010208BF704764
:10DDF00030B54FF000050AE050EA010208BF704755
:10DE000030B511F0004502D5404261EB41014FF4BD
:10DE1000806404F132045FEA915C3FF4D8AE4FF0C5
:10DE200003025FEADC0C18BF03325FEADC0C18BFA8
:10DE3000033202EBDC02C2F1200300FA03FC20FAF9
:10DE400002F001FA03FE40EA0E0021FA02F1144446
:10DE5000BDE600BF70B54FF0FF0C4CF4E06C1CEA5F
:10DE600011541DBF1CEA135594EA0C0F95EA0C0FD0
:10DE700000F0DEF82C4481EA030621EA4C5123EA43
:10DE80004C5350EA013518BF52EA033541F4801172
:10DE900043F4801338D0A0FB02CE4FF00005E1FB25
:10DEA00002E506F00042E0FB03E54FF00006E1FB6F
:10DEB00003569CF0000F18BF4EF0010EA4F1FF04B2
:10DEC000B6F5007F64F5407404D25FEA4E0E6D41F2
:10DED00046EB060642EAC62141EA55514FEAC52003
:10DEE00040EA5E504FEACE2EB4F1FD0C88BFBCF57F
:10DEF000E06F1ED8BEF1004F08BF5FEA500E50F130
:10DF0000000041EB045170BD06F0004646EA0101F5
:10DF100040EA020081EA0301B4EB5C04C2BFD4EB27
:10DF20000C0541EA045170BD41F480114FF0000E20
:10DF3000013C00F3AB8014F1360FDEBF002001F08E
:10DF4000004170BDC4F10004203C35DA0C341BDC08
:10DF500004F11404C4F1200500FA05F320FA04F0DA
:10DF600001FA05F240EA020001F0004221F000410E
:10DF700010EBD37021FA04F642EB06015EEA430E81
:10DF800008BF20EAD37070BDC4F10C04C4F12005B1
:10DF900000FA04F320FA05F001FA04F240EA020064
:10DFA00001F0004110EBD37041F100015EEA430E35
:10DFB00008BF20EAD37070BDC4F1200500FA05F255
:10DFC0004EEA020E20FA04F301FA05F243EA0203D4
:10DFD00021FA04F001F0004121FA04F220EA0200E3
:10DFE00000EBD3705EEA430E08BF20EAD37070BD29
:10DFF00094F0000F0FD101F00046400041EB010109
:10E0000011F4801F08BF013CF7D041EA060195F0EA
:10E01000000F18BF704703F00046520043EB0303A4
:10E0200013F4801F08BF013DF7D043EA0603704791
:10E0300094EA0C0F0CEA135518BF95EA0C0F0CD09C
:10E0400050EA410618BF52EA4306D1D181EA0301E2
:10E0500001F000414FF0000070BD50EA410606BFDC
:10E060001046194652EA430619D094EA0C0F02D121
:10E0700050EA013613D195EA0C0F05D152EA033666
:10E080001CBF104619460AD181EA030101F0004184
:10E0900041F0FE4141F470014FF0000070BD41F0CD
:10E0A000FE4141F4780170BD70B54FF0FF0C4CF4A7
:10E0B000E06C1CEA11541DBF1CEA135594EA0C0FC6
:10E0C00095EA0C0F00F0A7F8A4EB050481EA030E13
:10E0D00052EA03354FEA013100F088804FEA0333FA
:10E0E0004FF0805545EA131343EA12634FEA0222C8
:10E0F00045EA111545EA10654FEA00260EF0004189
:10E100009D4208BF964244F1FD0404F5407402D2DA
:10E110005B084FEA3202B61A65EB03055B084FEA6B
:10E1200032024FF480104FF4002CB6EB020E75EB68
:10E13000030E22BFB61A754640EA0C005B084FEA90
:10E140003202B6EB020E75EB030E22BFB61A75460D
:10E1500040EA5C005B084FEA3202B6EB020E75EB58
:10E16000030E22BFB61A754640EA9C005B084FEAD0
:10E170003202B6EB020E75EB030E22BFB61A7546DD
:10E1800040EADC0055EA060E18D04FEA051545EACC
:10E1900016754FEA06164FEAC30343EA52734FEA75
:10E1A000C2025FEA1C1CC0D111F4801F0BD141EAEE
:10E1B00000014FF000004FF0004CB6E711F4801F53
:10E1C00004BF01430020B4F1FD0C88BFBCF5E06F33
:10E1D0003FF6AFAEB5EB030C04BFB6EB020C5FEA43
:10E1E000500C50F1000041EB045170BD0EF0004E98
:10E1F0004EEA113114EB5C04C2BFD4EB0C0541EACA
:10E20000045170BD41F480114FF0000E013C90E6C6
:10E2100045EA060E8DE60CEA135594EA0C0F08BF8A
:10E2200095EA0C0F3FF43BAF94EA0C0F0AD150EA89
:10E2300001347FF434AF95EA0C0F7FF425AF10461C
:10E2400019462CE795EA0C0F06D152EA03353FF444
:10E25000FDAE1046194622E750EA410618BF52EAC1
:10E2600043067FF4C5AE50EA41047FF40DAF52EA95
:10E2700043057FF4EBAE12E74FF0FF3C06E000BF32
:10E280004FF0010C02E000BF4FF0010C4DF804CD3F
:10E290004FEA410C7FEA6C5C4FEA430C18BF7FEAFF
:10E2A0006C5C1BD001B050EA410C0CBF52EA430C2D
:10E2B00091EA030F02BF90EA020F0020704710F1AD
:10E2C000000F91EA030F58BF994208BF90422CBF3C
:10E2D000D8176FEAE37040F0010070474FEA410C35
:10E2E0007FEA6C5C02D150EA013C07D14FEA430C53
:10E2F0007FEA6C5CD6D152EA033CD3D05DF8040BC4
:10E30000704700BF8446104662468C4619466346F5
:10E3100000E000BF01B5FFF7B7FF002848BF10F1CC
:10E32000000F01BD4DF808EDFFF7F4FF0CBF012011
:10E3300000205DF808FB00BF4DF808EDFFF7EAFF8D
:10E3400034BF012000205DF808FB00BF4DF808ED48
:10E35000FFF7E0FF94BF012000205DF808FB00BF3D
:10E360004DF808EDFFF7CEFF94BF012000205DF8C7
:10E3700008FB00BF4DF808EDFFF7C4FF34BF0120D4
:10E3800000205DF808FB00BF4FEA410212F50012C1
:10E3900015D211D56FF47873B3EB625212D94FEAEC
:10E3A000C12343F0004343EA505311F0004F23FAD6
:10E3B00002F018BF404270474FF00000704750EA2B
:10E3C000013005D111F0004008BF6FF000407047E8
:10E3D0004FF00000704700BF4A0011D212F5001242
:10E3E00011D20DD56FF47873B3EB62520ED44FEAAD
:10E3F000C12343F0004343EA505323FA02F070472D
:10E400004FF00000704750EA013002D14FF0FF306A
:10E4100070474FF0000070474FEA4102B2F1E0430D
:10E4200024BFB3F5001CDCF1FE5C0DD901F0004CFB
:10E430004FEAC0024CEA5070B2F1004F40EB83004B
:10E4400008BF20F00100704711F0804F21D113F177
:10E450003872BCBF01F00040704741F480114FEAB0
:10E460005252C2F11802C2F1200C10FA0CF320FA39
:10E4700002F018BF40F001004FEAC1234FEAD32356
:10E4800003FA0CFC40EA0C0023FA02F34FEA4303C0
:10E49000CCE77FEA625307D150EA01331EBF4FF049
:10E4A000FE4040F44000704701F0004040F0FE4064
:10E4B00040F40000704700BF7BB972B90029BEBFAD
:10E4C00000204FF0004106E008BF00281CBF6FF09D
:10E4D00000414FF0FF3000F0A5B9ADF1080C6DE937
:10E4E00004CE002909DB002B1ADB00F035F8DDF83B
:10E4F00004E0DDE9022304B07047404261EB4101D2
:10E50000002B1BDB00F028F8DDF804E0DDE9022336
:10E5100004B0404261EB4101524263EB4303704758
:10E52000524263EB430300F017F8DDF804E0DDE945
:10E53000022304B0404261EB41017047524263EB59
:10E54000430300F009F8DDF804E0DDE9022304B03C
:10E55000524263EB430370472DE9F047089E04469F
:10E560008846002B4BD18A42154667D9B2FA82F20F
:10E570004AB1C2F1200701FA02F320FA07F79540E9
:10E5800047EA030894404FEA154E230CB8FBFEF708
:10E590001FFA85FC0EFB178843EA084307FB0CF1C2
:10E5A000994209D9EB1807F1FF3080F01B8199429D
:10E5B00040F21881023F2B445B1AA4B2B3FBFEF079
:10E5C0000EFB103344EA034400FB0CFCA44509D9BC
:10E5D0002C1900F1FF3380F00781A44540F204813B
:10E5E00002382C4440EA0740A4EB0C0400271EB17B
:10E5F000D4400023C6E900433946BDE8F0878B428A
:10E6000009D9002E00F0EB800027C6E9000138464A
:10E610003946BDE8F087B3FA83F7002F47D18B4224
:10E6200002D3824200F2FA80841A61EB03030120D4
:10E630009846002EE0D0C6E90048DDE702B9FFDECB
:10E64000B2FA82F2002A40F08F80491B4FEA154E41
:10E650001FFA85F80127B1FBFEFC230C0EFB1C11F1
:10E6600043EA014308FB0CF1994207D9EB180CF17E
:10E67000FF3002D2994200F2CD808446591AA3B2EB
:10E68000B1FBFEF00EFB101443EA044408FB00F853
:10E69000A04507D92C1900F1FF3302D2A04500F2A2
:10E6A000B6801846A4EB080440EA0C409FE7C7F187
:10E6B000200CBB4022FA0CFE4EEA030E01FA07F4CE
:10E6C00020FA0CF521FA0CF34FEA1E482543B3FB60
:10E6D000F8F92C0C08FB19331FFA8EFA44EA0343AD
:10E6E00009FB0AF49C4202FA07F200FA07F10BD97F
:10E6F0001EEB030309F1FF3080F087809C4240F25B
:10E700008480A9F1020973441B1BADB2B3FBF8F07E
:10E7100008FB103345EA034400FB0AFAA24508D976
:10E720001EEB040400F1FF336BD2A24569D9023815
:10E73000744440EA0940A0FB0289A4EB0A044C455A
:10E74000C2464B4654D351D0002E69D0B1EB0A05D6
:10E7500064EB030404FA0CFCFD40FC404CEA0505A4
:10E76000C6E90054002747E7C2F1200320FA03F767
:10E77000954001FA02F021FA03F34FEA154E3843AF
:10E78000010CB3FBFEF71FFA85F80EFB173341EAC5
:10E79000034107FB08F38B4204FA02F407D9691816
:10E7A00007F1FF3C2FD28B422DD9023F2944CB1ACF
:10E7B00081B2B3FBFEF00EFB103341EA034100FBD4
:10E7C00008F38B4207D9691800F1FF3C17D28B423E
:10E7D00015D902382944C91A40EA07473BE73746AA
:10E7E000304609E70746E7E61846FBE64145ABD267
:10E7F000B8EB020A69EB0E0201381346A4E7604643
:10E80000E9E7184695E76746D1E781467CE7023895
:10E810002C4447E7ACF1020C2B442FE7384608E7BD
:10E820003746E9E6704700BF08B5062000F00EF94C
:10E83000012000F041F9FFFF014B1868704700BF4D
:10E840004C000020024B0146186800F06DB800BF74
:10E850004C000020024B0146186800F017B800BFBA
:10E860004C00002010B5431E0A44914200D110BD57
:10E8700011F8014B03F8014FF7E7024403469342B6
:10E8800000D1704703F8011BF9E7FFFF38B50546D3
:10E89000002945D051F8043C0C1F002BB8BFE418E8
:10E8A00000F0F8F81F4A1368104633B9636014602B
:10E8B0002846BDE8384000F0EEB8A3420CD92168E4
:10E8C0006218934204BF1A685B68636004BF521801
:10E8D00022600460ECE713465A680AB1A242FAD9F2
:10E8E00019685818A0420BD1206801445818824278
:10E8F0001960DDD1106852685A6001441960D7E789
:10E9000002D90C232B60D3E7206821188A4204BF68
:10E9100011685268626004BF091821605C60C7E733
:10E9200038BD00BFB010002070B5CD1C25F0030528
:10E9300008350C2D38BF0C25002D064601DBA942F9
:10E9400003D90C233360002070BD00F0A3F8214AE6
:10E950001468214691B9204C23681BB9304600F059
:10E960003DF820602946304600F038F8431C24D199
:10E970000C233360304600F08EF8E4E70B685B1B35
:10E9800018D40B2B0FD90B60CD50CC18304600F0AB
:10E9900082F804F10B00231D20F00700C31AD3D026
:10E9A0005A42E250D0E78C424B6816BF6360136056
:10E9B0000C46EBE70C464968CCE7C41C24F0030482
:10E9C000A04205D0211A304600F008F80130CFD01F
:10E9D0002560DBE7B0100020B410002038B5064CED
:10E9E0000023054608462360F9F708FC431C02D1C2
:10E9F000236803B12B6038BDB81100201F2938B53A
:10EA000004460D4604D9162303604FF0FF3038BD8D
:10EA1000426C12B152F821304BB9204600F030F868
:10EA20002A4601462046BDE8384000F017B8012BC1
:10EA30000AD0591C03D1162303600120E7E7002404
:10EA400042F82540284698470020E0E7024B01465F
:10EA50001868FFF7D3BF00BF4C00002038B5074C43
:10EA60000023054608461146236000F01DF8431CAC
:10EA700002D1236803B12B6038BD00BFB81100205C
:10EA800000F00AB8034613F8012B002AFBD1181A2C
:10EA90000138704770477047024B58221A604FF098
:10EAA000FF307047B8110020024B58221A604FF017
:10EAB000FF307047B8110020FEE700BF4275696C57
:10EAC0007420776974682052656E657361732041A4
:10EAD0006476616E63656420466C657869626C6516
:10EAE00020536F667477617265205061636B616754
:10EAF000652076657273696F6E20342E302E30007B
:10EB0000342E302E3000000000000004F8B500BFA5
:10EB1000F8BC08BC9E467047F8B500BFF8BC08BCFE
:10EB20009E467047537769746368696E6720746F97
:10EB30002077616C6C20666F6C6C6F77696E670014
:10EB4000537769746368696E6720746F206F626AB7
:10EB500065637420646574656374696F6E00140086
:10EB600082815400C28194008280D4801401C280CA
:10EB70009405520944008200090051080C80540594
:10EB80005201460042000B0057080E8014051C007D
:10EB9000920811008B081080D4041A00920017808C
:10EBA00052084200098052000280128812801A0026
:10EBB000520051004B0A4E801C005208C2009700C0
:10EBC000490A4C80D20002019100510A5080D208BB
:10EBD00051088B80120904001100510A508012095B
:10EBE00082018900578A120142018B80D289D201A9
:10EBF000428292090600420117004B8852018201AD
:10EC00004B8A9209420109000C80920102010B001B
:10EC10000E80140492801E005482920104000200AF
:10EC20001180FFFF01030000DEEB00000203000083
:10EC3000E6EB000005010000A6EB00000401000067
:10EC4000A0EB00000301000098EB000002010000AF
:10EC50008CEB000006010000AAEB00000701000099
:10EC6000ACEB000004030000EEEB00000303000027
:10EC7000ECEB00000C010000CEEB000009010000ED
:10EC8000AEEB00000A010000B8EB00000B01000031
:10EC9000C4EB00000E00000016EC000000000000B5
:10ECA0005EEB00000100000062EB000002000000CB
:10ECB00066EB0000010100007EEB00000001000097
:10ECC00070EB0000040000006CEB0000030000008B
:10ECD0006AEB000004020000D4EB0000090400000D
:10ECE000FCEB00000A04000002EC00000B04000032
:10ECF0000AEC0000000400001AEC0000010400000F
:10ED0000F2EB00000005000012EC0000FFFF00FF26
:10ED1000010203FF0403010C00091408111C10195F
:10ED200018FFFFFF06000800100018002000400038
:10ED30006000800000018001000200040008FFFF65
:10ED40000A0900000A0900003F0B00000100020050
:10ED5000080010000000000000000000119A0000F0
:10ED600029A60000DD990000EF990000739A0000C9
:10ED7000359B0000F9990000E5990000059D000011
:10ED8000459A0000E19900000C0A080E10180219BB
:10ED90001D1F01FF000000000000000039A400005A
:10EDA0000D0A00FFADAD000001AE000031AE000065
:10EDB000D5AE000091AF0000000000002DB10000B2
:10EDC0001DB1000035B10000F9B10000D9B3000059
:10EDD0000000000091B0000093B0000095B000006A
:10EDE000B9B00000000000000000000000000000BA
:10EDF0000000000047D30000EDD3000069D30000FD
:10EE000075D300005DD30000B5D3000081D30000AE
:10EE10003BD3000035D3000045D3000051D400009F
:10EE2000A2ED000038EE000040EE00006A10002065
:10EE300048EE000051EE000041726475696E6F008B
:10EE40004E616E6F2052340043444320506F727401
:10EE5000004446552D525420506F7274000000003B
:10EE600000000000000000000000000000000000A2
:10EE700000000000000000000000000000FFFFFF95
:10EE80000000000000000000000000000000000082
:10EE90000000000000000000000000000000000072
:10EEA0000000000000000000000000000000000062
:10EEB0000000000000000000000000000000000052
:10EEC0000000000000000000000000000000000042
:10EED0000000000000000000000000000000000032
:04EEE000000000002E
:10EEEC0001000000060000005A0000006400000051
:10EEFC00FF0C0000080000000A000000CDBA000062
:10EF0C00F810002010000C0000000000FF000000B2
:10EF1C00000009400A000000011201000202020177
:10EF2C004041237400000101020301005000002045
:10EF3C0000000000A0EE0000C0EE000080EE00001B
:10EF4C0000000000000000000000000000000000B5
:10EF5C0000000000000000000000000000000000A5
:10EF6C000000000000000000000000000000000095
:10EF7C000000000000000000000000000000000085
:10EF8C000000000000000000000000000000000075
:10EF9C00E540000051460000B94A0000A599000068
:10EFAC00AD9E0000C99E0000BDA3000001A600009C
:10EFBC0049A80000E5AB000061D50000C14000008D
:10EFCC00C54A0000B9990000D59E000009A40000B4
:04EFDC00F1AB000095
:040000030000823D3A
:00000001FF
